{
   "cod":"200",
   "message":0,
   "cnt":40,
   "list":[
      {
         "dt":1615669200,
         "main":{
            "temp":280.89,
            "feels_like":275.53,
            "temp_min":279.91,
            "temp_max":280.89,
            "pressure":1003,
            "sea_level":1003,
            "grnd_level":977,
            "humidity":76,
            "temp_kf":0.98
         },
         "weather":[
            {
               "id":500,
               "main":"Rain",
               "description":"light rain",
               "icon":"10n"
            }
         ],
         "clouds":{
            "all":88
         },
         "wind":{
            "speed":5.72,
            "deg":230
         },
         "visibility":7355,
         "pop":0.52,
         "rain":{
            "3h":0.76
         },
         "sys":{
            "pod":"n"
         },
         "dt_txt":"2021-03-13 21:00:00"
      },
      {
         "dt":1615680000,
         "main":{
            "temp":279.57,
            "feels_like":273.53,
            "temp_min":278.95,
            "temp_max":279.57,
            "pressure":1004,
            "sea_level":1004,
            "grnd_level":976,
            "humidity":77,
            "temp_kf":0.62
         },
         "weather":[
            {
               "id":500,
               "main":"Rain",
               "description":"light rain",
               "icon":"10n"
            }
         ],
         "clouds":{
            "all":92
         },
         "wind":{
            "speed":6.41,
            "deg":212
         },
         "visibility":10000,
         "pop":0.75,
         "rain":{
            "3h":1.2
         },
         "sys":{
            "pod":"n"
         },
         "dt_txt":"2021-03-14 00:00:00"
      },
      {
         "dt":1615690800,
         "main":{
            "temp":277.71,
            "feels_like":273.72,
            "temp_min":277.43,
            "temp_max":277.71,
            "pressure":1003,
            "sea_level":1003,
            "grnd_level":975,
            "humidity":84,
            "temp_kf":0.28
         },
         "weather":[
            {
               "id":804,
               "main":"Clouds",
               "description":"overcast clouds",
               "icon":"04n"
            }
         ],
         "clouds":{
            "all":98
         },
         "wind":{
            "speed":3.33,
            "deg":189
         },
         "visibility":10000,
         "pop":0.09,
         "sys":{
            "pod":"n"
         },
         "dt_txt":"2021-03-14 03:00:00"
      },
      {
         "dt":1615701600,
         "main":{
            "temp":277.39,
            "feels_like":272.51,
            "temp_min":277.35,
            "temp_max":277.39,
            "pressure":1003,
            "sea_level":1003,
            "grnd_level":975,
            "humidity":86,
            "temp_kf":0.04
         },
         "weather":[
            {
               "id":804,
               "main":"Clouds",
               "description":"overcast clouds",
               "icon":"04d"
            }
         ],
         "clouds":{
            "all":99
         },
         "wind":{
            "speed":4.61,
            "deg":211
         },
         "visibility":10000,
         "pop":0,
         "sys":{
            "pod":"d"
         },
         "dt_txt":"2021-03-14 06:00:00"
      },
      {
         "dt":1615712400,
         "main":{
            "temp":278.58,
            "feels_like":273.3,
            "temp_min":278.58,
            "temp_max":278.58,
            "pressure":1005,
            "sea_level":1005,
            "grnd_level":977,
            "humidity":78,
            "temp_kf":0
         },
         "weather":[
            {
               "id":500,
               "main":"Rain",
               "description":"light rain",
               "icon":"10d"
            }
         ],
         "clouds":{
            "all":100
         },
         "wind":{
            "speed":5.13,
            "deg":241
         },
         "visibility":10000,
         "pop":0.5,
         "rain":{
            "3h":0.14
         },
         "sys":{
            "pod":"d"
         },
         "dt_txt":"2021-03-14 09:00:00"
      },
      {
         "dt":1615723200,
         "main":{
            "temp":281.43,
            "feels_like":275.07,
            "temp_min":281.43,
            "temp_max":281.43,
            "pressure":1006,
            "sea_level":1006,
            "grnd_level":979,
            "humidity":53,
            "temp_kf":0
         },
         "weather":[
            {
               "id":804,
               "main":"Clouds",
               "description":"overcast clouds",
               "icon":"04d"
            }
         ],
         "clouds":{
            "all":100
         },
         "wind":{
            "speed":6.1,
            "deg":262
         },
         "visibility":10000,
         "pop":0.39,
         "sys":{
            "pod":"d"
         },
         "dt_txt":"2021-03-14 12:00:00"
      },
      {
         "dt":1615734000,
         "main":{
            "temp":281.15,
            "feels_like":275.15,
            "temp_min":281.15,
            "temp_max":281.15,
            "pressure":1006,
            "sea_level":1006,
            "grnd_level":979,
            "humidity":54,
            "temp_kf":0
         },
         "weather":[
            {
               "id":804,
               "main":"Clouds",
               "description":"overcast clouds",
               "icon":"04d"
            }
         ],
         "clouds":{
            "all":100
         },
         "wind":{
            "speed":5.58,
            "deg":274
         },
         "visibility":10000,
         "pop":0.06,
         "sys":{
            "pod":"d"
         },
         "dt_txt":"2021-03-14 15:00:00"
      },
      {
         "dt":1615744800,
         "main":{
            "temp":277.52,
            "feels_like":273.08,
            "temp_min":277.52,
            "temp_max":277.52,
            "pressure":1008,
            "sea_level":1008,
            "grnd_level":980,
            "humidity":75,
            "temp_kf":0
         },
         "weather":[
            {
               "id":804,
               "main":"Clouds",
               "description":"overcast clouds",
               "icon":"04n"
            }
         ],
         "clouds":{
            "all":99
         },
         "wind":{
            "speed":3.57,
            "deg":275
         },
         "visibility":10000,
         "pop":0.03,
         "sys":{
            "pod":"n"
         },
         "dt_txt":"2021-03-14 18:00:00"
      },
      {
         "dt":1615755600,
         "main":{
            "temp":276.15,
            "feels_like":273.74,
            "temp_min":276.15,
            "temp_max":276.15,
            "pressure":1009,
            "sea_level":1009,
            "grnd_level":981,
            "humidity":82,
            "temp_kf":0
         },
         "weather":[
            {
               "id":804,
               "main":"Clouds",
               "description":"overcast clouds",
               "icon":"04n"
            }
         ],
         "clouds":{
            "all":100
         },
         "wind":{
            "speed":0.66,
            "deg":271
         },
         "visibility":10000,
         "pop":0,
         "sys":{
            "pod":"n"
         },
         "dt_txt":"2021-03-14 21:00:00"
      },
      {
         "dt":1615766400,
         "main":{
            "temp":274.99,
            "feels_like":271.36,
            "temp_min":274.99,
            "temp_max":274.99,
            "pressure":1010,
            "sea_level":1010,
            "grnd_level":982,
            "humidity":85,
            "temp_kf":0
         },
         "weather":[
            {
               "id":804,
               "main":"Clouds",
               "description":"overcast clouds",
               "icon":"04n"
            }
         ],
         "clouds":{
            "all":99
         },
         "wind":{
            "speed":2.26,
            "deg":194
         },
         "visibility":10000,
         "pop":0,
         "sys":{
            "pod":"n"
         },
         "dt_txt":"2021-03-15 00:00:00"
      },
      {
         "dt":1615777200,
         "main":{
            "temp":275.02,
            "feels_like":271.39,
            "temp_min":275.02,
            "temp_max":275.02,
            "pressure":1010,
            "sea_level":1010,
            "grnd_level":981,
            "humidity":84,
            "temp_kf":0
         },
         "weather":[
            {
               "id":804,
               "main":"Clouds",
               "description":"overcast clouds",
               "icon":"04n"
            }
         ],
         "clouds":{
            "all":88
         },
         "wind":{
            "speed":2.24,
            "deg":218
         },
         "visibility":10000,
         "pop":0,
         "sys":{
            "pod":"n"
         },
         "dt_txt":"2021-03-15 03:00:00"
      },
      {
         "dt":1615788000,
         "main":{
            "temp":274.85,
            "feels_like":270.56,
            "temp_min":274.85,
            "temp_max":274.85,
            "pressure":1010,
            "sea_level":1010,
            "grnd_level":982,
            "humidity":85,
            "temp_kf":0
         },
         "weather":[
            {
               "id":803,
               "main":"Clouds",
               "description":"broken clouds",
               "icon":"04d"
            }
         ],
         "clouds":{
            "all":84
         },
         "wind":{
            "speed":3.18,
            "deg":216
         },
         "visibility":10000,
         "pop":0,
         "sys":{
            "pod":"d"
         },
         "dt_txt":"2021-03-15 06:00:00"
      },
      {
         "dt":1615798800,
         "main":{
            "temp":279.01,
            "feels_like":275.17,
            "temp_min":279.01,
            "temp_max":279.01,
            "pressure":1010,
            "sea_level":1010,
            "grnd_level":982,
            "humidity":63,
            "temp_kf":0
         },
         "weather":[
            {
               "id":802,
               "main":"Clouds",
               "description":"scattered clouds",
               "icon":"03d"
            }
         ],
         "clouds":{
            "all":32
         },
         "wind":{
            "speed":2.52,
            "deg":229
         },
         "visibility":10000,
         "pop":0,
         "sys":{
            "pod":"d"
         },
         "dt_txt":"2021-03-15 09:00:00"
      },
      {
         "dt":1615809600,
         "main":{
            "temp":280.6,
            "feels_like":276.86,
            "temp_min":280.6,
            "temp_max":280.6,
            "pressure":1008,
            "sea_level":1008,
            "grnd_level":980,
            "humidity":57,
            "temp_kf":0
         },
         "weather":[
            {
               "id":802,
               "main":"Clouds",
               "description":"scattered clouds",
               "icon":"03d"
            }
         ],
         "clouds":{
            "all":42
         },
         "wind":{
            "speed":2.4,
            "deg":239
         },
         "visibility":10000,
         "pop":0,
         "sys":{
            "pod":"d"
         },
         "dt_txt":"2021-03-15 12:00:00"
      },
      {
         "dt":1615820400,
         "main":{
            "temp":280.9,
            "feels_like":276.72,
            "temp_min":280.9,
            "temp_max":280.9,
            "pressure":1007,
            "sea_level":1007,
            "grnd_level":979,
            "humidity":52,
            "temp_kf":0
         },
         "weather":[
            {
               "id":500,
               "main":"Rain",
               "description":"light rain",
               "icon":"10d"
            }
         ],
         "clouds":{
            "all":87
         },
         "wind":{
            "speed":2.84,
            "deg":270
         },
         "visibility":10000,
         "pop":0.21,
         "rain":{
            "3h":0.17
         },
         "sys":{
            "pod":"d"
         },
         "dt_txt":"2021-03-15 15:00:00"
      },
      {
         "dt":1615831200,
         "main":{
            "temp":277.74,
            "feels_like":274.61,
            "temp_min":277.74,
            "temp_max":277.74,
            "pressure":1007,
            "sea_level":1007,
            "grnd_level":979,
            "humidity":66,
            "temp_kf":0
         },
         "weather":[
            {
               "id":803,
               "main":"Clouds",
               "description":"broken clouds",
               "icon":"04n"
            }
         ],
         "clouds":{
            "all":66
         },
         "wind":{
            "speed":1.39,
            "deg":206
         },
         "visibility":10000,
         "pop":0,
         "sys":{
            "pod":"n"
         },
         "dt_txt":"2021-03-15 18:00:00"
      },
      {
         "dt":1615842000,
         "main":{
            "temp":276.7,
            "feels_like":273.03,
            "temp_min":276.7,
            "temp_max":276.7,
            "pressure":1008,
            "sea_level":1008,
            "grnd_level":980,
            "humidity":70,
            "temp_kf":0
         },
         "weather":[
            {
               "id":803,
               "main":"Clouds",
               "description":"broken clouds",
               "icon":"04n"
            }
         ],
         "clouds":{
            "all":56
         },
         "wind":{
            "speed":2.12,
            "deg":210
         },
         "visibility":10000,
         "pop":0.01,
         "sys":{
            "pod":"n"
         },
         "dt_txt":"2021-03-15 21:00:00"
      },
      {
         "dt":1615852800,
         "main":{
            "temp":275.51,
            "feels_like":271.71,
            "temp_min":275.51,
            "temp_max":275.51,
            "pressure":1007,
            "sea_level":1007,
            "grnd_level":979,
            "humidity":95,
            "temp_kf":0
         },
         "weather":[
            {
               "id":500,
               "main":"Rain",
               "description":"light rain",
               "icon":"10n"
            }
         ],
         "clouds":{
            "all":78
         },
         "wind":{
            "speed":2.96,
            "deg":251
         },
         "visibility":389,
         "pop":0.56,
         "rain":{
            "3h":0.66
         },
         "sys":{
            "pod":"n"
         },
         "dt_txt":"2021-03-16 00:00:00"
      },
      {
         "dt":1615863600,
         "main":{
            "temp":275.18,
            "feels_like":272.12,
            "temp_min":275.18,
            "temp_max":275.18,
            "pressure":1008,
            "sea_level":1008,
            "grnd_level":980,
            "humidity":92,
            "temp_kf":0
         },
         "weather":[
            {
               "id":601,
               "main":"Snow",
               "description":"snow",
               "icon":"13n"
            }
         ],
         "clouds":{
            "all":100
         },
         "wind":{
            "speed":1.72,
            "deg":318
         },
         "visibility":9435,
         "pop":0.64,
         "snow":{
            "3h":2.2
         },
         "sys":{
            "pod":"n"
         },
         "dt_txt":"2021-03-16 03:00:00"
      },
      {
         "dt":1615874400,
         "main":{
            "temp":274.71,
            "feels_like":271.91,
            "temp_min":274.71,
            "temp_max":274.71,
            "pressure":1009,
            "sea_level":1009,
            "grnd_level":981,
            "humidity":96,
            "temp_kf":0
         },
         "weather":[
            {
               "id":600,
               "main":"Snow",
               "description":"light snow",
               "icon":"13d"
            }
         ],
         "clouds":{
            "all":98
         },
         "wind":{
            "speed":1.38,
            "deg":305
         },
         "visibility":33,
         "pop":0.64,
         "snow":{
            "3h":0.12
         },
         "sys":{
            "pod":"d"
         },
         "dt_txt":"2021-03-16 06:00:00"
      },
      {
         "dt":1615885200,
         "main":{
            "temp":275.54,
            "feels_like":272.35,
            "temp_min":275.54,
            "temp_max":275.54,
            "pressure":1010,
            "sea_level":1010,
            "grnd_level":982,
            "humidity":92,
            "temp_kf":0
         },
         "weather":[
            {
               "id":600,
               "main":"Snow",
               "description":"light snow",
               "icon":"13d"
            }
         ],
         "clouds":{
            "all":100
         },
         "wind":{
            "speed":1.99,
            "deg":315
         },
         "visibility":263,
         "pop":0.45,
         "snow":{
            "3h":0.53
         },
         "sys":{
            "pod":"d"
         },
         "dt_txt":"2021-03-16 09:00:00"
      },
      {
         "dt":1615896000,
         "main":{
            "temp":278.12,
            "feels_like":273.84,
            "temp_min":278.12,
            "temp_max":278.12,
            "pressure":1010,
            "sea_level":1010,
            "grnd_level":982,
            "humidity":71,
            "temp_kf":0
         },
         "weather":[
            {
               "id":500,
               "main":"Rain",
               "description":"light rain",
               "icon":"10d"
            }
         ],
         "clouds":{
            "all":98
         },
         "wind":{
            "speed":3.31,
            "deg":10
         },
         "visibility":10000,
         "pop":0.74,
         "rain":{
            "3h":0.19
         },
         "sys":{
            "pod":"d"
         },
         "dt_txt":"2021-03-16 12:00:00"
      },
      {
         "dt":1615906800,
         "main":{
            "temp":277.94,
            "feels_like":273.15,
            "temp_min":277.94,
            "temp_max":277.94,
            "pressure":1011,
            "sea_level":1011,
            "grnd_level":983,
            "humidity":72,
            "temp_kf":0
         },
         "weather":[
            {
               "id":600,
               "main":"Snow",
               "description":"light snow",
               "icon":"13d"
            }
         ],
         "clouds":{
            "all":88
         },
         "wind":{
            "speed":4.05,
            "deg":345
         },
         "visibility":10000,
         "pop":0.48,
         "snow":{
            "3h":0.26
         },
         "sys":{
            "pod":"d"
         },
         "dt_txt":"2021-03-16 15:00:00"
      },
      {
         "dt":1615917600,
         "main":{
            "temp":275.88,
            "feels_like":270.67,
            "temp_min":275.88,
            "temp_max":275.88,
            "pressure":1012,
            "sea_level":1012,
            "grnd_level":984,
            "humidity":84,
            "temp_kf":0
         },
         "weather":[
            {
               "id":500,
               "main":"Rain",
               "description":"light rain",
               "icon":"10n"
            }
         ],
         "clouds":{
            "all":82
         },
         "wind":{
            "speed":4.67,
            "deg":339
         },
         "visibility":10000,
         "pop":0.44,
         "rain":{
            "3h":0.15
         },
         "sys":{
            "pod":"n"
         },
         "dt_txt":"2021-03-16 18:00:00"
      },
      {
         "dt":1615928400,
         "main":{
            "temp":275.75,
            "feels_like":270.73,
            "temp_min":275.75,
            "temp_max":275.75,
            "pressure":1014,
            "sea_level":1014,
            "grnd_level":986,
            "humidity":89,
            "temp_kf":0
         },
         "weather":[
            {
               "id":600,
               "main":"Snow",
               "description":"light snow",
               "icon":"13n"
            }
         ],
         "clouds":{
            "all":97
         },
         "wind":{
            "speed":4.55,
            "deg":347
         },
         "visibility":10000,
         "pop":0.29,
         "snow":{
            "3h":0.18
         },
         "sys":{
            "pod":"n"
         },
         "dt_txt":"2021-03-16 21:00:00"
      },
      {
         "dt":1615939200,
         "main":{
            "temp":275.02,
            "feels_like":270.07,
            "temp_min":275.02,
            "temp_max":275.02,
            "pressure":1015,
            "sea_level":1015,
            "grnd_level":986,
            "humidity":92,
            "temp_kf":0
         },
         "weather":[
            {
               "id":600,
               "main":"Snow",
               "description":"light snow",
               "icon":"13n"
            }
         ],
         "clouds":{
            "all":93
         },
         "wind":{
            "speed":4.38,
            "deg":351
         },
         "visibility":9987,
         "pop":0.21,
         "snow":{
            "3h":0.17
         },
         "sys":{
            "pod":"n"
         },
         "dt_txt":"2021-03-17 00:00:00"
      },
      {
         "dt":1615950000,
         "main":{
            "temp":274.12,
            "feels_like":268.23,
            "temp_min":274.12,
            "temp_max":274.12,
            "pressure":1015,
            "sea_level":1015,
            "grnd_level":987,
            "humidity":94,
            "temp_kf":0
         },
         "weather":[
            {
               "id":600,
               "main":"Snow",
               "description":"light snow",
               "icon":"13n"
            }
         ],
         "clouds":{
            "all":99
         },
         "wind":{
            "speed":5.6,
            "deg":351
         },
         "visibility":6974,
         "pop":0.36,
         "snow":{
            "3h":0.14
         },
         "sys":{
            "pod":"n"
         },
         "dt_txt":"2021-03-17 03:00:00"
      },
      {
         "dt":1615960800,
         "main":{
            "temp":273.73,
            "feels_like":267.24,
            "temp_min":273.73,
            "temp_max":273.73,
            "pressure":1016,
            "sea_level":1016,
            "grnd_level":987,
            "humidity":87,
            "temp_kf":0
         },
         "weather":[
            {
               "id":600,
               "main":"Snow",
               "description":"light snow",
               "icon":"13d"
            }
         ],
         "clouds":{
            "all":100
         },
         "wind":{
            "speed":6.17,
            "deg":348
         },
         "visibility":4629,
         "pop":0.4,
         "snow":{
            "3h":0.15
         },
         "sys":{
            "pod":"d"
         },
         "dt_txt":"2021-03-17 06:00:00"
      },
      {
         "dt":1615971600,
         "main":{
            "temp":275.33,
            "feels_like":268.99,
            "temp_min":275.33,
            "temp_max":275.33,
            "pressure":1017,
            "sea_level":1017,
            "grnd_level":988,
            "humidity":75,
            "temp_kf":0
         },
         "weather":[
            {
               "id":600,
               "main":"Snow",
               "description":"light snow",
               "icon":"13d"
            }
         ],
         "clouds":{
            "all":99
         },
         "wind":{
            "speed":5.87,
            "deg":359
         },
         "visibility":10000,
         "pop":0.44,
         "snow":{
            "3h":0.32
         },
         "sys":{
            "pod":"d"
         },
         "dt_txt":"2021-03-17 09:00:00"
      },
      {
         "dt":1615982400,
         "main":{
            "temp":276.37,
            "feels_like":269.88,
            "temp_min":276.37,
            "temp_max":276.37,
            "pressure":1017,
            "sea_level":1017,
            "grnd_level":988,
            "humidity":71,
            "temp_kf":0
         },
         "weather":[
            {
               "id":600,
               "main":"Snow",
               "description":"light snow",
               "icon":"13d"
            }
         ],
         "clouds":{
            "all":99
         },
         "wind":{
            "speed":6.13,
            "deg":348
         },
         "visibility":4682,
         "pop":0.47,
         "snow":{
            "3h":0.32
         },
         "sys":{
            "pod":"d"
         },
         "dt_txt":"2021-03-17 12:00:00"
      },
      {
         "dt":1615993200,
         "main":{
            "temp":276.3,
            "feels_like":270.03,
            "temp_min":276.3,
            "temp_max":276.3,
            "pressure":1016,
            "sea_level":1016,
            "grnd_level":988,
            "humidity":67,
            "temp_kf":0
         },
         "weather":[
            {
               "id":600,
               "main":"Snow",
               "description":"light snow",
               "icon":"13d"
            }
         ],
         "clouds":{
            "all":100
         },
         "wind":{
            "speed":5.66,
            "deg":346
         },
         "visibility":10000,
         "pop":0.32,
         "snow":{
            "3h":0.29
         },
         "sys":{
            "pod":"d"
         },
         "dt_txt":"2021-03-17 15:00:00"
      },
      {
         "dt":1616004000,
         "main":{
            "temp":274.84,
            "feels_like":270.22,
            "temp_min":274.84,
            "temp_max":274.84,
            "pressure":1017,
            "sea_level":1017,
            "grnd_level":989,
            "humidity":77,
            "temp_kf":0
         },
         "weather":[
            {
               "id":600,
               "main":"Snow",
               "description":"light snow",
               "icon":"13n"
            }
         ],
         "clouds":{
            "all":99
         },
         "wind":{
            "speed":3.39,
            "deg":357
         },
         "visibility":10000,
         "pop":0.2,
         "snow":{
            "3h":0.24
         },
         "sys":{
            "pod":"n"
         },
         "dt_txt":"2021-03-17 18:00:00"
      },
      {
         "dt":1616014800,
         "main":{
            "temp":274.26,
            "feels_like":270.06,
            "temp_min":274.26,
            "temp_max":274.26,
            "pressure":1018,
            "sea_level":1018,
            "grnd_level":990,
            "humidity":85,
            "temp_kf":0
         },
         "weather":[
            {
               "id":600,
               "main":"Snow",
               "description":"light snow",
               "icon":"13n"
            }
         ],
         "clouds":{
            "all":94
         },
         "wind":{
            "speed":2.94,
            "deg":7
         },
         "visibility":10000,
         "pop":0.28,
         "snow":{
            "3h":0.11
         },
         "sys":{
            "pod":"n"
         },
         "dt_txt":"2021-03-17 21:00:00"
      },
      {
         "dt":1616025600,
         "main":{
            "temp":273.75,
            "feels_like":270.17,
            "temp_min":273.75,
            "temp_max":273.75,
            "pressure":1018,
            "sea_level":1018,
            "grnd_level":989,
            "humidity":89,
            "temp_kf":0
         },
         "weather":[
            {
               "id":600,
               "main":"Snow",
               "description":"light snow",
               "icon":"13n"
            }
         ],
         "clouds":{
            "all":97
         },
         "wind":{
            "speed":2.08,
            "deg":347
         },
         "visibility":10000,
         "pop":0.32,
         "snow":{
            "3h":0.17
         },
         "sys":{
            "pod":"n"
         },
         "dt_txt":"2021-03-18 00:00:00"
      },
      {
         "dt":1616036400,
         "main":{
            "temp":273.02,
            "feels_like":269.2,
            "temp_min":273.02,
            "temp_max":273.02,
            "pressure":1018,
            "sea_level":1018,
            "grnd_level":989,
            "humidity":95,
            "temp_kf":0
         },
         "weather":[
            {
               "id":600,
               "main":"Snow",
               "description":"light snow",
               "icon":"13n"
            }
         ],
         "clouds":{
            "all":94
         },
         "wind":{
            "speed":2.45,
            "deg":344
         },
         "visibility":2280,
         "pop":0.32,
         "snow":{
            "3h":0.22
         },
         "sys":{
            "pod":"n"
         },
         "dt_txt":"2021-03-18 03:00:00"
      },
      {
         "dt":1616047200,
         "main":{
            "temp":273.44,
            "feels_like":269.76,
            "temp_min":273.44,
            "temp_max":273.44,
            "pressure":1018,
            "sea_level":1018,
            "grnd_level":989,
            "humidity":93,
            "temp_kf":0
         },
         "weather":[
            {
               "id":600,
               "main":"Snow",
               "description":"light snow",
               "icon":"13d"
            }
         ],
         "clouds":{
            "all":98
         },
         "wind":{
            "speed":2.28,
            "deg":346
         },
         "visibility":960,
         "pop":0.31,
         "snow":{
            "3h":0.51
         },
         "sys":{
            "pod":"d"
         },
         "dt_txt":"2021-03-18 06:00:00"
      },
      {
         "dt":1616058000,
         "main":{
            "temp":274.63,
            "feels_like":268.63,
            "temp_min":274.63,
            "temp_max":274.63,
            "pressure":1018,
            "sea_level":1018,
            "grnd_level":990,
            "humidity":77,
            "temp_kf":0
         },
         "weather":[
            {
               "id":600,
               "main":"Snow",
               "description":"light snow",
               "icon":"13d"
            }
         ],
         "clouds":{
            "all":98
         },
         "wind":{
            "speed":5.32,
            "deg":337
         },
         "visibility":10000,
         "pop":0.74,
         "snow":{
            "3h":0.62
         },
         "sys":{
            "pod":"d"
         },
         "dt_txt":"2021-03-18 09:00:00"
      },
      {
         "dt":1616068800,
         "main":{
            "temp":276.46,
            "feels_like":271.13,
            "temp_min":276.46,
            "temp_max":276.46,
            "pressure":1018,
            "sea_level":1018,
            "grnd_level":989,
            "humidity":61,
            "temp_kf":0
         },
         "weather":[
            {
               "id":600,
               "main":"Snow",
               "description":"light snow",
               "icon":"13d"
            }
         ],
         "clouds":{
            "all":97
         },
         "wind":{
            "speed":4.13,
            "deg":3
         },
         "visibility":7783,
         "pop":0.49,
         "snow":{
            "3h":0.21
         },
         "sys":{
            "pod":"d"
         },
         "dt_txt":"2021-03-18 12:00:00"
      },
      {
         "dt":1616079600,
         "main":{
            "temp":276.25,
            "feels_like":271.16,
            "temp_min":276.25,
            "temp_max":276.25,
            "pressure":1017,
            "sea_level":1017,
            "grnd_level":989,
            "humidity":59,
            "temp_kf":0
         },
         "weather":[
            {
               "id":600,
               "main":"Snow",
               "description":"light snow",
               "icon":"13d"
            }
         ],
         "clouds":{
            "all":99
         },
         "wind":{
            "speed":3.68,
            "deg":356
         },
         "visibility":10000,
         "pop":0.29,
         "snow":{
            "3h":0.13
         },
         "sys":{
            "pod":"d"
         },
         "dt_txt":"2021-03-18 15:00:00"
      },
      {
         "dt":1616090400,
         "main":{
            "temp":273.46,
            "feels_like":269.31,
            "temp_min":273.46,
            "temp_max":273.46,
            "pressure":1019,
            "sea_level":1019,
            "grnd_level":990,
            "humidity":69,
            "temp_kf":0
         },
         "weather":[
            {
               "id":803,
               "main":"Clouds",
               "description":"broken clouds",
               "icon":"04n"
            }
         ],
         "clouds":{
            "all":67
         },
         "wind":{
            "speed":2.25,
            "deg":9
         },
         "visibility":10000,
         "pop":0,
         "sys":{
            "pod":"n"
         },
         "dt_txt":"2021-03-18 18:00:00"
      }
   ],
   "city":{
      "id":3072529,
      "name":"Kunčičky",
      "coord":{
         "lat":49.8209,
         "lon":18.2625
      },
      "country":"CZ",
      "population":0,
      "timezone":3600,
      "sunrise":1615611895,
      "sunset":1615654084
   }
}