{
   "Days":[
      {
         "date":"13/03/2021",
         "sunrise_time":"06:05",
         "sunset_time":"17:50",
         "moonrise_time":"06:37",
         "moonset_time":"17:47",
         "temp_max_c":9.7,
         "temp_max_f":49.5,
         "temp_min_c":2.9,
         "temp_min_f":37.2,
         "precip_total_mm":0.8,
         "precip_total_in":0.0,
         "rain_total_mm":0.0,
         "rain_total_in":0.0,
         "snow_total_mm":0.0,
         "snow_total_in":0.0,
         "prob_precip_pct":87.0,
         "humid_max_pct":80.0,
         "humid_min_pct":58.0,
         "windspd_max_mph":21.0,
         "windspd_max_kmh":33.0,
         "windspd_max_kts":18.0,
         "windspd_max_ms":9.3,
         "windgst_max_mph":27.0,
         "windgst_max_kmh":44.0,
         "windgst_max_kts":24.0,
         "windgst_max_ms":12.1,
         "slp_max_in":29.95,
         "slp_max_mb":1011.2,
         "slp_min_in":29.75,
         "slp_min_mb":1004.4,
         "Timeframes":[
            {
               "date":"13/03/2021",
               "time":100,
               "utcdate":"13/03/2021",
               "utctime":0,
               "wx_desc":"Clear skies",
               "wx_code":0,
               "wx_icon":"Clear.gif",
               "temp_c":2.9,
               "temp_f":37.2,
               "feelslike_c":-0.8,
               "feelslike_f":30.6,
               "winddir_deg":209.0,
               "winddir_compass":"SSW",
               "windspd_mph":9.0,
               "windspd_kmh":14.0,
               "windspd_kts":8.0,
               "windspd_ms":4.0,
               "windgst_mph":18.0,
               "windgst_kmh":29.0,
               "windgst_kts":16.0,
               "windgst_ms":8.0,
               "cloud_low_pct":0.0,
               "cloud_mid_pct":11.0,
               "cloud_high_pct":19.0,
               "cloudtotal_pct":12.0,
               "precip_mm":0.0,
               "precip_in":0.0,
               "rain_mm":0.0,
               "rain_in":0.0,
               "snow_mm":0.0,
               "snow_in":0.0,
               "snow_accum_cm":0.0,
               "snow_accum_in":0.0,
               "prob_precip_pct":"<1",
               "humid_pct":78.0,
               "dewpoint_c":-0.6,
               "dewpoint_f":30.9,
               "vis_km":10.0,
               "vis_mi":6.2,
               "slp_mb":1011.0,
               "slp_in":29.95
            },
            {
               "date":"13/03/2021",
               "time":400,
               "utcdate":"13/03/2021",
               "utctime":300,
               "wx_desc":"Clear skies",
               "wx_code":0,
               "wx_icon":"Clear.gif",
               "temp_c":3.0,
               "temp_f":37.3,
               "feelslike_c":-1.5,
               "feelslike_f":29.3,
               "winddir_deg":208.0,
               "winddir_compass":"SSW",
               "windspd_mph":13.0,
               "windspd_kmh":20.0,
               "windspd_kts":11.0,
               "windspd_ms":5.6,
               "windgst_mph":25.0,
               "windgst_kmh":40.0,
               "windgst_kts":21.0,
               "windgst_ms":11.0,
               "cloud_low_pct":0.0,
               "cloud_mid_pct":16.0,
               "cloud_high_pct":69.0,
               "cloudtotal_pct":19.0,
               "precip_mm":0.0,
               "precip_in":0.0,
               "rain_mm":0.0,
               "rain_in":0.0,
               "snow_mm":0.0,
               "snow_in":0.0,
               "snow_accum_cm":0.0,
               "snow_accum_in":0.0,
               "prob_precip_pct":"<1",
               "humid_pct":75.0,
               "dewpoint_c":-0.9,
               "dewpoint_f":30.3,
               "vis_km":10.0,
               "vis_mi":6.2,
               "slp_mb":1010.0,
               "slp_in":29.9
            },
            {
               "date":"13/03/2021",
               "time":700,
               "utcdate":"13/03/2021",
               "utctime":600,
               "wx_desc":"Overcast skies",
               "wx_code":3,
               "wx_icon":"Overcast.gif",
               "temp_c":4.2,
               "temp_f":39.5,
               "feelslike_c":-0.8,
               "feelslike_f":30.6,
               "winddir_deg":215.0,
               "winddir_compass":"SW",
               "windspd_mph":17.0,
               "windspd_kmh":27.0,
               "windspd_kts":15.0,
               "windspd_ms":7.6,
               "windgst_mph":27.0,
               "windgst_kmh":44.0,
               "windgst_kts":24.0,
               "windgst_ms":12.1,
               "cloud_low_pct":20.0,
               "cloud_mid_pct":100.0,
               "cloud_high_pct":100.0,
               "cloudtotal_pct":100.0,
               "precip_mm":0.1,
               "precip_in":0.0,
               "rain_mm":0.0,
               "rain_in":0.0,
               "snow_mm":0.0,
               "snow_in":0.0,
               "snow_accum_cm":0.0,
               "snow_accum_in":0.0,
               "prob_precip_pct":"<1",
               "humid_pct":76.0,
               "dewpoint_c":0.4,
               "dewpoint_f":32.6,
               "vis_km":10.0,
               "vis_mi":6.2,
               "slp_mb":1010.0,
               "slp_in":29.89
            },
            {
               "date":"13/03/2021",
               "time":1000,
               "utcdate":"13/03/2021",
               "utctime":900,
               "wx_desc":"Overcast skies",
               "wx_code":3,
               "wx_icon":"Overcast.gif",
               "temp_c":6.8,
               "temp_f":44.3,
               "feelslike_c":2.2,
               "feelslike_f":36.0,
               "winddir_deg":223.0,
               "winddir_compass":"SW",
               "windspd_mph":21.0,
               "windspd_kmh":33.0,
               "windspd_kts":18.0,
               "windspd_ms":9.3,
               "windgst_mph":25.0,
               "windgst_kmh":41.0,
               "windgst_kts":22.0,
               "windgst_ms":11.3,
               "cloud_low_pct":45.0,
               "cloud_mid_pct":100.0,
               "cloud_high_pct":100.0,
               "cloudtotal_pct":92.0,
               "precip_mm":0.0,
               "precip_in":0.0,
               "rain_mm":0.0,
               "rain_in":0.0,
               "snow_mm":0.0,
               "snow_in":0.0,
               "snow_accum_cm":0.0,
               "snow_accum_in":0.0,
               "prob_precip_pct":"<1",
               "humid_pct":66.0,
               "dewpoint_c":1.1,
               "dewpoint_f":33.9,
               "vis_km":10.0,
               "vis_mi":6.2,
               "slp_mb":1010.0,
               "slp_in":29.9
            },
            {
               "date":"13/03/2021",
               "time":1300,
               "utcdate":"13/03/2021",
               "utctime":1200,
               "wx_desc":"Light drizzle",
               "wx_code":51,
               "wx_icon":"OccLightRain.gif",
               "temp_c":7.9,
               "temp_f":46.2,
               "feelslike_c":3.6,
               "feelslike_f":38.5,
               "winddir_deg":224.0,
               "winddir_compass":"SW",
               "windspd_mph":20.0,
               "windspd_kmh":33.0,
               "windspd_kts":18.0,
               "windspd_ms":9.1,
               "windgst_mph":24.0,
               "windgst_kmh":38.0,
               "windgst_kts":21.0,
               "windgst_ms":10.6,
               "cloud_low_pct":65.0,
               "cloud_mid_pct":100.0,
               "cloud_high_pct":100.0,
               "cloudtotal_pct":100.0,
               "precip_mm":0.2,
               "precip_in":0.0,
               "rain_mm":0.0,
               "rain_in":0.0,
               "snow_mm":0.0,
               "snow_in":0.0,
               "snow_accum_cm":0.0,
               "snow_accum_in":0.0,
               "prob_precip_pct":"87",
               "humid_pct":71.0,
               "dewpoint_c":3.0,
               "dewpoint_f":37.4,
               "vis_km":2.0,
               "vis_mi":1.2,
               "slp_mb":1008.0,
               "slp_in":29.86
            },
            {
               "date":"13/03/2021",
               "time":1600,
               "utcdate":"13/03/2021",
               "utctime":1500,
               "wx_desc":"Cloudy skies",
               "wx_code":2,
               "wx_icon":"Cloudy.gif",
               "temp_c":9.7,
               "temp_f":49.5,
               "feelslike_c":7.0,
               "feelslike_f":44.5,
               "winddir_deg":208.0,
               "winddir_compass":"SSW",
               "windspd_mph":13.0,
               "windspd_kmh":21.0,
               "windspd_kts":11.0,
               "windspd_ms":5.8,
               "windgst_mph":18.0,
               "windgst_kmh":30.0,
               "windgst_kts":16.0,
               "windgst_ms":8.2,
               "cloud_low_pct":13.0,
               "cloud_mid_pct":45.0,
               "cloud_high_pct":100.0,
               "cloudtotal_pct":85.0,
               "precip_mm":0.1,
               "precip_in":0.0,
               "rain_mm":0.0,
               "rain_in":0.0,
               "snow_mm":0.0,
               "snow_in":0.0,
               "snow_accum_cm":0.0,
               "snow_accum_in":0.0,
               "prob_precip_pct":"<1",
               "humid_pct":58.0,
               "dewpoint_c":1.9,
               "dewpoint_f":35.5,
               "vis_km":10.0,
               "vis_mi":6.2,
               "slp_mb":1006.0,
               "slp_in":29.79
            },
            {
               "date":"13/03/2021",
               "time":1900,
               "utcdate":"13/03/2021",
               "utctime":1800,
               "wx_desc":"Light rain shower",
               "wx_code":80,
               "wx_icon":"IsoRainSwrsNight.gif",
               "temp_c":7.4,
               "temp_f":45.2,
               "feelslike_c":4.4,
               "feelslike_f":39.9,
               "winddir_deg":195.0,
               "winddir_compass":"SSW",
               "windspd_mph":11.0,
               "windspd_kmh":17.0,
               "windspd_kts":9.0,
               "windspd_ms":4.8,
               "windgst_mph":19.0,
               "windgst_kmh":31.0,
               "windgst_kts":17.0,
               "windgst_ms":8.6,
               "cloud_low_pct":45.0,
               "cloud_mid_pct":29.0,
               "cloud_high_pct":72.0,
               "cloudtotal_pct":63.0,
               "precip_mm":0.3,
               "precip_in":0.0,
               "rain_mm":0.0,
               "rain_in":0.0,
               "snow_mm":0.0,
               "snow_in":0.0,
               "snow_accum_cm":0.0,
               "snow_accum_in":0.0,
               "prob_precip_pct":"31",
               "humid_pct":74.0,
               "dewpoint_c":3.0,
               "dewpoint_f":37.5,
               "vis_km":10.0,
               "vis_mi":6.2,
               "slp_mb":1005.0,
               "slp_in":29.76
            },
            {
               "date":"13/03/2021",
               "time":2200,
               "utcdate":"13/03/2021",
               "utctime":2100,
               "wx_desc":"Clear skies",
               "wx_code":0,
               "wx_icon":"Clear.gif",
               "temp_c":7.0,
               "temp_f":44.6,
               "feelslike_c":3.7,
               "feelslike_f":38.7,
               "winddir_deg":207.0,
               "winddir_compass":"SSW",
               "windspd_mph":12.0,
               "windspd_kmh":19.0,
               "windspd_kts":10.0,
               "windspd_ms":5.3,
               "windgst_mph":21.0,
               "windgst_kmh":34.0,
               "windgst_kts":18.0,
               "windgst_ms":9.4,
               "cloud_low_pct":0.0,
               "cloud_mid_pct":23.0,
               "cloud_high_pct":12.0,
               "cloudtotal_pct":23.0,
               "precip_mm":0.1,
               "precip_in":0.0,
               "rain_mm":0.0,
               "rain_in":0.0,
               "snow_mm":0.0,
               "snow_in":0.0,
               "snow_accum_cm":0.0,
               "snow_accum_in":0.0,
               "prob_precip_pct":"32",
               "humid_pct":80.0,
               "dewpoint_c":3.8,
               "dewpoint_f":38.9,
               "vis_km":10.0,
               "vis_mi":6.2,
               "slp_mb":1004.0,
               "slp_in":29.75
            }
         ]
      },
      {
         "date":"14/03/2021",
         "sunrise_time":"06:03",
         "sunset_time":"17:51",
         "moonrise_time":"06:54",
         "moonset_time":"18:55",
         "temp_max_c":8.4,
         "temp_max_f":47.0,
         "temp_min_c":3.2,
         "temp_min_f":37.7,
         "precip_total_mm":1.2,
         "precip_total_in":0.0,
         "rain_total_mm":0.0,
         "rain_total_in":0.0,
         "snow_total_mm":0.0,
         "snow_total_in":0.0,
         "prob_precip_pct":80.0,
         "humid_max_pct":83.0,
         "humid_min_pct":52.0,
         "windspd_max_mph":13.0,
         "windspd_max_kmh":20.0,
         "windspd_max_kts":11.0,
         "windspd_max_ms":5.6,
         "windgst_max_mph":17.0,
         "windgst_max_kmh":27.0,
         "windgst_max_kts":15.0,
         "windgst_max_ms":7.5,
         "slp_max_in":29.87,
         "slp_max_mb":1008.8,
         "slp_min_in":29.74,
         "slp_min_mb":1004.2,
         "Timeframes":[
            {
               "date":"14/03/2021",
               "time":100,
               "utcdate":"14/03/2021",
               "utctime":0,
               "wx_desc":"Patchy light drizzle",
               "wx_code":50,
               "wx_icon":"IsoRainSwrsNight.gif",
               "temp_c":5.4,
               "temp_f":41.8,
               "feelslike_c":2.0,
               "feelslike_f":35.5,
               "winddir_deg":226.0,
               "winddir_compass":"SW",
               "windspd_mph":11.0,
               "windspd_kmh":17.0,
               "windspd_kts":9.0,
               "windspd_ms":4.8,
               "windgst_mph":17.0,
               "windgst_kmh":27.0,
               "windgst_kts":15.0,
               "windgst_ms":7.5,
               "cloud_low_pct":0.0,
               "cloud_mid_pct":44.0,
               "cloud_high_pct":73.0,
               "cloudtotal_pct":47.0,
               "precip_mm":0.5,
               "precip_in":0.0,
               "rain_mm":0.0,
               "rain_in":0.0,
               "snow_mm":0.0,
               "snow_in":0.0,
               "snow_accum_cm":0.0,
               "snow_accum_in":0.0,
               "prob_precip_pct":"16",
               "humid_pct":83.0,
               "dewpoint_c":2.9,
               "dewpoint_f":37.1,
               "vis_km":5.0,
               "vis_mi":3.1,
               "slp_mb":1004.0,
               "slp_in":29.74
            },
            {
               "date":"14/03/2021",
               "time":400,
               "utcdate":"14/03/2021",
               "utctime":300,
               "wx_desc":"Overcast skies",
               "wx_code":3,
               "wx_icon":"Overcast.gif",
               "temp_c":3.9,
               "temp_f":39.0,
               "feelslike_c":0.3,
               "feelslike_f":32.5,
               "winddir_deg":219.0,
               "winddir_compass":"SW",
               "windspd_mph":10.0,
               "windspd_kmh":15.0,
               "windspd_kts":8.0,
               "windspd_ms":4.3,
               "windgst_mph":16.0,
               "windgst_kmh":25.0,
               "windgst_kts":14.0,
               "windgst_ms":7.0,
               "cloud_low_pct":2.0,
               "cloud_mid_pct":92.0,
               "cloud_high_pct":17.0,
               "cloudtotal_pct":98.0,
               "precip_mm":0.0,
               "precip_in":0.0,
               "rain_mm":0.0,
               "rain_in":0.0,
               "snow_mm":0.0,
               "snow_in":0.0,
               "snow_accum_cm":0.0,
               "snow_accum_in":0.0,
               "prob_precip_pct":"4",
               "humid_pct":83.0,
               "dewpoint_c":1.3,
               "dewpoint_f":34.3,
               "vis_km":10.0,
               "vis_mi":6.2,
               "slp_mb":1004.0,
               "slp_in":29.74
            },
            {
               "date":"14/03/2021",
               "time":700,
               "utcdate":"14/03/2021",
               "utctime":600,
               "wx_desc":"Overcast skies",
               "wx_code":3,
               "wx_icon":"Overcast.gif",
               "temp_c":3.7,
               "temp_f":38.6,
               "feelslike_c":0.3,
               "feelslike_f":32.6,
               "winddir_deg":206.0,
               "winddir_compass":"SSW",
               "windspd_mph":9.0,
               "windspd_kmh":14.0,
               "windspd_kts":7.0,
               "windspd_ms":3.8,
               "windgst_mph":13.0,
               "windgst_kmh":21.0,
               "windgst_kts":11.0,
               "windgst_ms":5.8,
               "cloud_low_pct":21.0,
               "cloud_mid_pct":100.0,
               "cloud_high_pct":100.0,
               "cloudtotal_pct":100.0,
               "precip_mm":0.0,
               "precip_in":0.0,
               "rain_mm":0.0,
               "rain_in":0.0,
               "snow_mm":0.0,
               "snow_in":0.0,
               "snow_accum_cm":0.0,
               "snow_accum_in":0.0,
               "prob_precip_pct":"4",
               "humid_pct":83.0,
               "dewpoint_c":1.1,
               "dewpoint_f":34.0,
               "vis_km":10.0,
               "vis_mi":6.2,
               "slp_mb":1005.0,
               "slp_in":29.75
            },
            {
               "date":"14/03/2021",
               "time":1000,
               "utcdate":"14/03/2021",
               "utctime":900,
               "wx_desc":"Partly cloudy skies",
               "wx_code":1,
               "wx_icon":"PartlyCloudyDay.gif",
               "temp_c":6.0,
               "temp_f":42.9,
               "feelslike_c":2.5,
               "feelslike_f":36.5,
               "winddir_deg":238.0,
               "winddir_compass":"WSW",
               "windspd_mph":12.0,
               "windspd_kmh":19.0,
               "windspd_kts":10.0,
               "windspd_ms":5.3,
               "windgst_mph":13.0,
               "windgst_kmh":22.0,
               "windgst_kts":12.0,
               "windgst_ms":6.0,
               "cloud_low_pct":20.0,
               "cloud_mid_pct":46.0,
               "cloud_high_pct":100.0,
               "cloudtotal_pct":48.0,
               "precip_mm":0.1,
               "precip_in":0.0,
               "rain_mm":0.0,
               "rain_in":0.0,
               "snow_mm":0.0,
               "snow_in":0.0,
               "snow_accum_cm":0.0,
               "snow_accum_in":0.0,
               "prob_precip_pct":"20",
               "humid_pct":71.0,
               "dewpoint_c":1.3,
               "dewpoint_f":34.3,
               "vis_km":10.0,
               "vis_mi":6.2,
               "slp_mb":1006.0,
               "slp_in":29.79
            },
            {
               "date":"14/03/2021",
               "time":1300,
               "utcdate":"14/03/2021",
               "utctime":1200,
               "wx_desc":"Patchy rain possible",
               "wx_code":21,
               "wx_icon":"OccLightRain.gif",
               "temp_c":8.4,
               "temp_f":47.0,
               "feelslike_c":5.3,
               "feelslike_f":41.5,
               "winddir_deg":255.0,
               "winddir_compass":"WSW",
               "windspd_mph":13.0,
               "windspd_kmh":20.0,
               "windspd_kts":11.0,
               "windspd_ms":5.6,
               "windgst_mph":15.0,
               "windgst_kmh":23.0,
               "windgst_kts":13.0,
               "windgst_ms":6.5,
               "cloud_low_pct":1.0,
               "cloud_mid_pct":41.0,
               "cloud_high_pct":100.0,
               "cloudtotal_pct":49.0,
               "precip_mm":0.2,
               "precip_in":0.0,
               "rain_mm":0.0,
               "rain_in":0.0,
               "snow_mm":0.0,
               "snow_in":0.0,
               "snow_accum_cm":0.0,
               "snow_accum_in":0.0,
               "prob_precip_pct":"80",
               "humid_pct":52.0,
               "dewpoint_c":-1.0,
               "dewpoint_f":30.3,
               "vis_km":9.0,
               "vis_mi":5.6,
               "slp_mb":1006.0,
               "slp_in":29.8
            },
            {
               "date":"14/03/2021",
               "time":1600,
               "utcdate":"14/03/2021",
               "utctime":1500,
               "wx_desc":"Patchy rain possible",
               "wx_code":21,
               "wx_icon":"OccLightRain.gif",
               "temp_c":8.1,
               "temp_f":46.5,
               "feelslike_c":4.9,
               "feelslike_f":40.9,
               "winddir_deg":269.0,
               "winddir_compass":"W",
               "windspd_mph":13.0,
               "windspd_kmh":20.0,
               "windspd_kts":11.0,
               "windspd_ms":5.6,
               "windgst_mph":15.0,
               "windgst_kmh":24.0,
               "windgst_kts":13.0,
               "windgst_ms":6.7,
               "cloud_low_pct":0.0,
               "cloud_mid_pct":9.0,
               "cloud_high_pct":100.0,
               "cloudtotal_pct":13.0,
               "precip_mm":0.4,
               "precip_in":0.0,
               "rain_mm":0.0,
               "rain_in":0.0,
               "snow_mm":0.0,
               "snow_in":0.0,
               "snow_accum_cm":0.0,
               "snow_accum_in":0.0,
               "prob_precip_pct":"1",
               "humid_pct":53.0,
               "dewpoint_c":-0.8,
               "dewpoint_f":30.6,
               "vis_km":9.0,
               "vis_mi":5.6,
               "slp_mb":1006.0,
               "slp_in":29.8
            },
            {
               "date":"14/03/2021",
               "time":1900,
               "utcdate":"14/03/2021",
               "utctime":1800,
               "wx_desc":"Clear skies",
               "wx_code":0,
               "wx_icon":"Clear.gif",
               "temp_c":5.0,
               "temp_f":41.0,
               "feelslike_c":2.3,
               "feelslike_f":36.2,
               "winddir_deg":237.0,
               "winddir_compass":"WSW",
               "windspd_mph":7.0,
               "windspd_kmh":12.0,
               "windspd_kts":6.0,
               "windspd_ms":3.3,
               "windgst_mph":12.0,
               "windgst_kmh":19.0,
               "windgst_kts":10.0,
               "windgst_ms":5.4,
               "cloud_low_pct":0.0,
               "cloud_mid_pct":17.0,
               "cloud_high_pct":32.0,
               "cloudtotal_pct":18.0,
               "precip_mm":0.0,
               "precip_in":0.0,
               "rain_mm":0.0,
               "rain_in":0.0,
               "snow_mm":0.0,
               "snow_in":0.0,
               "snow_accum_cm":0.0,
               "snow_accum_in":0.0,
               "prob_precip_pct":"<1",
               "humid_pct":68.0,
               "dewpoint_c":-0.5,
               "dewpoint_f":31.2,
               "vis_km":10.0,
               "vis_mi":6.2,
               "slp_mb":1008.0,
               "slp_in":29.85
            },
            {
               "date":"14/03/2021",
               "time":2200,
               "utcdate":"14/03/2021",
               "utctime":2100,
               "wx_desc":"Clear skies",
               "wx_code":0,
               "wx_icon":"Clear.gif",
               "temp_c":3.2,
               "temp_f":37.7,
               "feelslike_c":-0.5,
               "feelslike_f":31.1,
               "winddir_deg":247.0,
               "winddir_compass":"WSW",
               "windspd_mph":9.0,
               "windspd_kmh":15.0,
               "windspd_kts":8.0,
               "windspd_ms":4.2,
               "windgst_mph":15.0,
               "windgst_kmh":23.0,
               "windgst_kts":13.0,
               "windgst_ms":6.5,
               "cloud_low_pct":0.0,
               "cloud_mid_pct":16.0,
               "cloud_high_pct":0.0,
               "cloudtotal_pct":16.0,
               "precip_mm":0.0,
               "precip_in":0.0,
               "rain_mm":0.0,
               "rain_in":0.0,
               "snow_mm":0.0,
               "snow_in":0.0,
               "snow_accum_cm":0.0,
               "snow_accum_in":0.0,
               "prob_precip_pct":"<1",
               "humid_pct":79.0,
               "dewpoint_c":-0.2,
               "dewpoint_f":31.7,
               "vis_km":10.0,
               "vis_mi":6.2,
               "slp_mb":1009.0,
               "slp_in":29.87
            }
         ]
      },
      {
         "date":"15/03/2021",
         "sunrise_time":"06:01",
         "sunset_time":"17:53",
         "moonrise_time":"07:10",
         "moonset_time":"20:03",
         "temp_max_c":7.6,
         "temp_max_f":45.6,
         "temp_min_c":1.3,
         "temp_min_f":34.4,
         "precip_total_mm":0.6,
         "precip_total_in":0.0,
         "rain_total_mm":0.0,
         "rain_total_in":0.0,
         "snow_total_mm":0.0,
         "snow_total_in":0.0,
         "prob_precip_pct":75.0,
         "humid_max_pct":90.0,
         "humid_min_pct":55.0,
         "windspd_max_mph":12.0,
         "windspd_max_kmh":19.0,
         "windspd_max_kts":10.0,
         "windspd_max_ms":5.4,
         "windgst_max_mph":14.0,
         "windgst_max_kmh":23.0,
         "windgst_max_kts":12.0,
         "windgst_max_ms":6.4,
         "slp_max_in":29.9,
         "slp_max_mb":1009.5,
         "slp_min_in":29.78,
         "slp_min_mb":1005.6,
         "Timeframes":[
            {
               "date":"15/03/2021",
               "time":100,
               "utcdate":"15/03/2021",
               "utctime":0,
               "wx_desc":"Clear skies",
               "wx_code":0,
               "wx_icon":"Clear.gif",
               "temp_c":2.3,
               "temp_f":36.1,
               "feelslike_c":-1.4,
               "feelslike_f":29.6,
               "winddir_deg":235.0,
               "winddir_compass":"SW",
               "windspd_mph":9.0,
               "windspd_kmh":14.0,
               "windspd_kts":7.0,
               "windspd_ms":3.8,
               "windgst_mph":13.0,
               "windgst_kmh":22.0,
               "windgst_kts":12.0,
               "windgst_ms":6.0,
               "cloud_low_pct":8.0,
               "cloud_mid_pct":16.0,
               "cloud_high_pct":0.0,
               "cloudtotal_pct":14.0,
               "precip_mm":0.0,
               "precip_in":0.0,
               "rain_mm":0.0,
               "rain_in":0.0,
               "snow_mm":0.0,
               "snow_in":0.0,
               "snow_accum_cm":0.0,
               "snow_accum_in":0.0,
               "prob_precip_pct":"<1",
               "humid_pct":86.0,
               "dewpoint_c":0.2,
               "dewpoint_f":32.3,
               "vis_km":10.0,
               "vis_mi":6.2,
               "slp_mb":1009.0,
               "slp_in":29.89
            },
            {
               "date":"15/03/2021",
               "time":400,
               "utcdate":"15/03/2021",
               "utctime":300,
               "wx_desc":"Partly cloudy skies",
               "wx_code":1,
               "wx_icon":"PartlyCloudyNight.gif",
               "temp_c":1.3,
               "temp_f":34.4,
               "feelslike_c":-2.1,
               "feelslike_f":28.2,
               "winddir_deg":216.0,
               "winddir_compass":"SW",
               "windspd_mph":7.0,
               "windspd_kmh":12.0,
               "windspd_kts":6.0,
               "windspd_ms":3.3,
               "windgst_mph":13.0,
               "windgst_kmh":20.0,
               "windgst_kts":11.0,
               "windgst_ms":5.6,
               "cloud_low_pct":26.0,
               "cloud_mid_pct":74.0,
               "cloud_high_pct":6.0,
               "cloudtotal_pct":53.0,
               "precip_mm":0.0,
               "precip_in":0.0,
               "rain_mm":0.0,
               "rain_in":0.0,
               "snow_mm":0.0,
               "snow_in":0.0,
               "snow_accum_cm":0.0,
               "snow_accum_in":0.0,
               "prob_precip_pct":"<1",
               "humid_pct":88.0,
               "dewpoint_c":-0.4,
               "dewpoint_f":31.3,
               "vis_km":10.0,
               "vis_mi":6.2,
               "slp_mb":1009.0,
               "slp_in":29.88
            },
            {
               "date":"15/03/2021",
               "time":700,
               "utcdate":"15/03/2021",
               "utctime":600,
               "wx_desc":"Overcast skies",
               "wx_code":3,
               "wx_icon":"Overcast.gif",
               "temp_c":2.1,
               "temp_f":35.8,
               "feelslike_c":-0.8,
               "feelslike_f":30.6,
               "winddir_deg":224.0,
               "winddir_compass":"SW",
               "windspd_mph":6.0,
               "windspd_kmh":10.0,
               "windspd_kts":5.0,
               "windspd_ms":2.8,
               "windgst_mph":9.0,
               "windgst_kmh":14.0,
               "windgst_kts":8.0,
               "windgst_ms":4.0,
               "cloud_low_pct":72.0,
               "cloud_mid_pct":47.0,
               "cloud_high_pct":17.0,
               "cloudtotal_pct":91.0,
               "precip_mm":0.1,
               "precip_in":0.0,
               "rain_mm":0.0,
               "rain_in":0.0,
               "snow_mm":0.0,
               "snow_in":0.0,
               "snow_accum_cm":0.0,
               "snow_accum_in":0.0,
               "prob_precip_pct":"47",
               "humid_pct":90.0,
               "dewpoint_c":0.6,
               "dewpoint_f":33.1,
               "vis_km":10.0,
               "vis_mi":6.2,
               "slp_mb":1010.0,
               "slp_in":29.9
            },
            {
               "date":"15/03/2021",
               "time":1000,
               "utcdate":"15/03/2021",
               "utctime":900,
               "wx_desc":"Cloudy skies",
               "wx_code":2,
               "wx_icon":"Cloudy.gif",
               "temp_c":5.6,
               "temp_f":42.2,
               "feelslike_c":2.8,
               "feelslike_f":37.1,
               "winddir_deg":235.0,
               "winddir_compass":"SW",
               "windspd_mph":8.0,
               "windspd_kmh":13.0,
               "windspd_kts":7.0,
               "windspd_ms":3.7,
               "windgst_mph":10.0,
               "windgst_kmh":15.0,
               "windgst_kts":8.0,
               "windgst_ms":4.3,
               "cloud_low_pct":62.0,
               "cloud_mid_pct":45.0,
               "cloud_high_pct":22.0,
               "cloudtotal_pct":81.0,
               "precip_mm":0.1,
               "precip_in":0.0,
               "rain_mm":0.0,
               "rain_in":0.0,
               "snow_mm":0.0,
               "snow_in":0.0,
               "snow_accum_cm":0.0,
               "snow_accum_in":0.0,
               "prob_precip_pct":"46",
               "humid_pct":68.0,
               "dewpoint_c":0.3,
               "dewpoint_f":32.5,
               "vis_km":10.0,
               "vis_mi":6.2,
               "slp_mb":1010.0,
               "slp_in":29.89
            },
            {
               "date":"15/03/2021",
               "time":1300,
               "utcdate":"15/03/2021",
               "utctime":1200,
               "wx_desc":"Patchy rain possible",
               "wx_code":21,
               "wx_icon":"OccLightRain.gif",
               "temp_c":7.6,
               "temp_f":45.6,
               "feelslike_c":4.4,
               "feelslike_f":39.8,
               "winddir_deg":245.0,
               "winddir_compass":"WSW",
               "windspd_mph":12.0,
               "windspd_kmh":19.0,
               "windspd_kts":10.0,
               "windspd_ms":5.4,
               "windgst_mph":14.0,
               "windgst_kmh":23.0,
               "windgst_kts":12.0,
               "windgst_ms":6.4,
               "cloud_low_pct":28.0,
               "cloud_mid_pct":23.0,
               "cloud_high_pct":40.0,
               "cloudtotal_pct":41.0,
               "precip_mm":0.3,
               "precip_in":0.0,
               "rain_mm":0.0,
               "rain_in":0.0,
               "snow_mm":0.0,
               "snow_in":0.0,
               "snow_accum_cm":0.0,
               "snow_accum_in":0.0,
               "prob_precip_pct":"75",
               "humid_pct":56.0,
               "dewpoint_c":-0.5,
               "dewpoint_f":31.1,
               "vis_km":9.0,
               "vis_mi":5.6,
               "slp_mb":1008.0,
               "slp_in":29.84
            },
            {
               "date":"15/03/2021",
               "time":1600,
               "utcdate":"15/03/2021",
               "utctime":1500,
               "wx_desc":"Sunny skies",
               "wx_code":0,
               "wx_icon":"Sunny.gif",
               "temp_c":7.6,
               "temp_f":45.6,
               "feelslike_c":4.8,
               "feelslike_f":40.6,
               "winddir_deg":235.0,
               "winddir_compass":"SW",
               "windspd_mph":10.0,
               "windspd_kmh":16.0,
               "windspd_kts":9.0,
               "windspd_ms":4.5,
               "windgst_mph":12.0,
               "windgst_kmh":19.0,
               "windgst_kts":10.0,
               "windgst_ms":5.2,
               "cloud_low_pct":1.0,
               "cloud_mid_pct":19.0,
               "cloud_high_pct":18.0,
               "cloudtotal_pct":22.0,
               "precip_mm":0.0,
               "precip_in":0.0,
               "rain_mm":0.0,
               "rain_in":0.0,
               "snow_mm":0.0,
               "snow_in":0.0,
               "snow_accum_cm":0.0,
               "snow_accum_in":0.0,
               "prob_precip_pct":"12",
               "humid_pct":55.0,
               "dewpoint_c":-0.8,
               "dewpoint_f":30.6,
               "vis_km":10.0,
               "vis_mi":6.2,
               "slp_mb":1006.0,
               "slp_in":29.79
            },
            {
               "date":"15/03/2021",
               "time":1900,
               "utcdate":"15/03/2021",
               "utctime":1800,
               "wx_desc":"Partly cloudy skies",
               "wx_code":1,
               "wx_icon":"PartlyCloudyNight.gif",
               "temp_c":4.4,
               "temp_f":39.8,
               "feelslike_c":2.2,
               "feelslike_f":36.0,
               "winddir_deg":188.0,
               "winddir_compass":"S",
               "windspd_mph":5.0,
               "windspd_kmh":9.0,
               "windspd_kts":5.0,
               "windspd_ms":2.4,
               "windgst_mph":9.0,
               "windgst_kmh":14.0,
               "windgst_kts":8.0,
               "windgst_ms":4.0,
               "cloud_low_pct":36.0,
               "cloud_mid_pct":45.0,
               "cloud_high_pct":32.0,
               "cloudtotal_pct":55.0,
               "precip_mm":0.0,
               "precip_in":0.0,
               "rain_mm":0.0,
               "rain_in":0.0,
               "snow_mm":0.0,
               "snow_in":0.0,
               "snow_accum_cm":0.0,
               "snow_accum_in":0.0,
               "prob_precip_pct":"37",
               "humid_pct":72.0,
               "dewpoint_c":-0.2,
               "dewpoint_f":31.7,
               "vis_km":10.0,
               "vis_mi":6.2,
               "slp_mb":1006.0,
               "slp_in":29.78
            },
            {
               "date":"15/03/2021",
               "time":2200,
               "utcdate":"15/03/2021",
               "utctime":2100,
               "wx_desc":"Overcast skies",
               "wx_code":3,
               "wx_icon":"Overcast.gif",
               "temp_c":3.7,
               "temp_f":38.6,
               "feelslike_c":0.2,
               "feelslike_f":32.3,
               "winddir_deg":211.0,
               "winddir_compass":"SSW",
               "windspd_mph":9.0,
               "windspd_kmh":15.0,
               "windspd_kts":8.0,
               "windspd_ms":4.1,
               "windgst_mph":12.0,
               "windgst_kmh":20.0,
               "windgst_kts":11.0,
               "windgst_ms":5.5,
               "cloud_low_pct":78.0,
               "cloud_mid_pct":100.0,
               "cloud_high_pct":100.0,
               "cloudtotal_pct":100.0,
               "precip_mm":0.0,
               "precip_in":0.0,
               "rain_mm":0.0,
               "rain_in":0.0,
               "snow_mm":0.0,
               "snow_in":0.0,
               "snow_accum_cm":0.0,
               "snow_accum_in":0.0,
               "prob_precip_pct":"60",
               "humid_pct":85.0,
               "dewpoint_c":1.4,
               "dewpoint_f":34.5,
               "vis_km":10.0,
               "vis_mi":6.2,
               "slp_mb":1007.0,
               "slp_in":29.81
            }
         ]
      },
      {
         "date":"16/03/2021",
         "sunrise_time":"05:59",
         "sunset_time":"17:54",
         "moonrise_time":"07:26",
         "moonset_time":"21:10",
         "temp_max_c":5.8,
         "temp_max_f":42.4,
         "temp_min_c":1.4,
         "temp_min_f":34.5,
         "precip_total_mm":2.9,
         "precip_total_in":0.1,
         "rain_total_mm":0.0,
         "rain_total_in":0.0,
         "snow_total_mm":1.0,
         "snow_total_in":0.0,
         "prob_precip_pct":68.0,
         "humid_max_pct":91.0,
         "humid_min_pct":64.0,
         "windspd_max_mph":9.0,
         "windspd_max_kmh":14.0,
         "windspd_max_kts":8.0,
         "windspd_max_ms":3.9,
         "windgst_max_mph":11.0,
         "windgst_max_kmh":18.0,
         "windgst_max_kts":10.0,
         "windgst_max_ms":4.9,
         "slp_max_in":30.02,
         "slp_max_mb":1013.8,
         "slp_min_in":29.81,
         "slp_min_mb":1006.6,
         "Timeframes":[
            {
               "date":"16/03/2021",
               "time":100,
               "utcdate":"16/03/2021",
               "utctime":0,
               "wx_desc":"Moderate snow",
               "wx_code":73,
               "wx_icon":"ModSnow.gif",
               "temp_c":3.4,
               "temp_f":38.2,
               "feelslike_c":0.1,
               "feelslike_f":32.1,
               "winddir_deg":245.0,
               "winddir_compass":"WSW",
               "windspd_mph":9.0,
               "windspd_kmh":14.0,
               "windspd_kts":7.0,
               "windspd_ms":3.8,
               "windgst_mph":11.0,
               "windgst_kmh":18.0,
               "windgst_kts":10.0,
               "windgst_ms":4.9,
               "cloud_low_pct":65.0,
               "cloud_mid_pct":44.0,
               "cloud_high_pct":0.0,
               "cloudtotal_pct":80.0,
               "precip_mm":1.1,
               "precip_in":0.0,
               "rain_mm":0.0,
               "rain_in":0.0,
               "snow_mm":1.0,
               "snow_in":0.0,
               "snow_accum_cm":0.9,
               "snow_accum_in":0.4,
               "prob_precip_pct":"22",
               "humid_pct":86.0,
               "dewpoint_c":1.3,
               "dewpoint_f":34.4,
               "vis_km":5.0,
               "vis_mi":3.1,
               "slp_mb":1007.0,
               "slp_in":29.81
            },
            {
               "date":"16/03/2021",
               "time":400,
               "utcdate":"16/03/2021",
               "utctime":300,
               "wx_desc":"Partly cloudy skies",
               "wx_code":1,
               "wx_icon":"PartlyCloudyNight.gif",
               "temp_c":1.8,
               "temp_f":35.2,
               "feelslike_c":-1.3,
               "feelslike_f":29.7,
               "winddir_deg":241.0,
               "winddir_compass":"WSW",
               "windspd_mph":6.0,
               "windspd_kmh":10.0,
               "windspd_kts":6.0,
               "windspd_ms":2.9,
               "windgst_mph":10.0,
               "windgst_kmh":15.0,
               "windgst_kts":8.0,
               "windgst_ms":4.3,
               "cloud_low_pct":25.0,
               "cloud_mid_pct":45.0,
               "cloud_high_pct":11.0,
               "cloudtotal_pct":42.0,
               "precip_mm":0.0,
               "precip_in":0.0,
               "rain_mm":0.0,
               "rain_in":0.0,
               "snow_mm":0.0,
               "snow_in":0.0,
               "snow_accum_cm":0.0,
               "snow_accum_in":0.0,
               "prob_precip_pct":"32",
               "humid_pct":84.0,
               "dewpoint_c":-0.7,
               "dewpoint_f":30.8,
               "vis_km":10.0,
               "vis_mi":6.2,
               "slp_mb":1007.0,
               "slp_in":29.83
            },
            {
               "date":"16/03/2021",
               "time":700,
               "utcdate":"16/03/2021",
               "utctime":600,
               "wx_desc":"Overcast skies",
               "wx_code":3,
               "wx_icon":"Overcast.gif",
               "temp_c":1.9,
               "temp_f":35.4,
               "feelslike_c":0.0,
               "feelslike_f":32.0,
               "winddir_deg":227.0,
               "winddir_compass":"SW",
               "windspd_mph":4.0,
               "windspd_kmh":6.0,
               "windspd_kts":3.0,
               "windspd_ms":1.8,
               "windgst_mph":6.0,
               "windgst_kmh":9.0,
               "windgst_kts":5.0,
               "windgst_ms":2.5,
               "cloud_low_pct":74.0,
               "cloud_mid_pct":72.0,
               "cloud_high_pct":18.0,
               "cloudtotal_pct":100.0,
               "precip_mm":0.0,
               "precip_in":0.0,
               "rain_mm":0.0,
               "rain_in":0.0,
               "snow_mm":0.0,
               "snow_in":0.0,
               "snow_accum_cm":0.0,
               "snow_accum_in":0.0,
               "prob_precip_pct":"38",
               "humid_pct":83.0,
               "dewpoint_c":-0.7,
               "dewpoint_f":30.8,
               "vis_km":10.0,
               "vis_mi":6.2,
               "slp_mb":1009.0,
               "slp_in":29.87
            },
            {
               "date":"16/03/2021",
               "time":1000,
               "utcdate":"16/03/2021",
               "utctime":900,
               "wx_desc":"Overcast skies",
               "wx_code":3,
               "wx_icon":"Overcast.gif",
               "temp_c":4.3,
               "temp_f":39.7,
               "feelslike_c":2.8,
               "feelslike_f":37.0,
               "winddir_deg":339.0,
               "winddir_compass":"NNW",
               "windspd_mph":4.0,
               "windspd_kmh":6.0,
               "windspd_kts":3.0,
               "windspd_ms":1.8,
               "windgst_mph":5.0,
               "windgst_kmh":8.0,
               "windgst_kts":4.0,
               "windgst_ms":2.1,
               "cloud_low_pct":70.0,
               "cloud_mid_pct":49.0,
               "cloud_high_pct":12.0,
               "cloudtotal_pct":88.0,
               "precip_mm":0.2,
               "precip_in":0.0,
               "rain_mm":0.0,
               "rain_in":0.0,
               "snow_mm":0.0,
               "snow_in":0.0,
               "snow_accum_cm":0.0,
               "snow_accum_in":0.0,
               "prob_precip_pct":"68",
               "humid_pct":68.0,
               "dewpoint_c":-1.0,
               "dewpoint_f":30.2,
               "vis_km":10.0,
               "vis_mi":6.2,
               "slp_mb":1010.0,
               "slp_in":29.91
            },
            {
               "date":"16/03/2021",
               "time":1300,
               "utcdate":"16/03/2021",
               "utctime":1200,
               "wx_desc":"Light sleet showers",
               "wx_code":83,
               "wx_icon":"ModSleetSwrsDay.gif",
               "temp_c":5.5,
               "temp_f":41.9,
               "feelslike_c":4.3,
               "feelslike_f":39.7,
               "winddir_deg":313.0,
               "winddir_compass":"NW",
               "windspd_mph":4.0,
               "windspd_kmh":6.0,
               "windspd_kts":3.0,
               "windspd_ms":1.7,
               "windgst_mph":5.0,
               "windgst_kmh":8.0,
               "windgst_kts":4.0,
               "windgst_ms":2.1,
               "cloud_low_pct":80.0,
               "cloud_mid_pct":48.0,
               "cloud_high_pct":3.0,
               "cloudtotal_pct":98.0,
               "precip_mm":0.4,
               "precip_in":0.0,
               "rain_mm":0.0,
               "rain_in":0.0,
               "snow_mm":0.0,
               "snow_in":0.0,
               "snow_accum_cm":0.0,
               "snow_accum_in":0.0,
               "prob_precip_pct":"67",
               "humid_pct":64.0,
               "dewpoint_c":-0.7,
               "dewpoint_f":30.7,
               "vis_km":10.0,
               "vis_mi":6.2,
               "slp_mb":1010.0,
               "slp_in":29.92
            },
            {
               "date":"16/03/2021",
               "time":1600,
               "utcdate":"16/03/2021",
               "utctime":1500,
               "wx_desc":"Light sleet showers",
               "wx_code":83,
               "wx_icon":"ModSleetSwrsDay.gif",
               "temp_c":5.8,
               "temp_f":42.4,
               "feelslike_c":3.5,
               "feelslike_f":38.3,
               "winddir_deg":4.0,
               "winddir_compass":"N",
               "windspd_mph":6.0,
               "windspd_kmh":10.0,
               "windspd_kts":6.0,
               "windspd_ms":2.9,
               "windgst_mph":8.0,
               "windgst_kmh":13.0,
               "windgst_kts":7.0,
               "windgst_ms":3.7,
               "cloud_low_pct":44.0,
               "cloud_mid_pct":51.0,
               "cloud_high_pct":1.0,
               "cloudtotal_pct":62.0,
               "precip_mm":0.9,
               "precip_in":0.0,
               "rain_mm":0.0,
               "rain_in":0.0,
               "snow_mm":0.0,
               "snow_in":0.0,
               "snow_accum_cm":0.0,
               "snow_accum_in":0.0,
               "prob_precip_pct":"65",
               "humid_pct":69.0,
               "dewpoint_c":0.6,
               "dewpoint_f":33.0,
               "vis_km":10.0,
               "vis_mi":6.2,
               "slp_mb":1011.0,
               "slp_in":29.93
            },
            {
               "date":"16/03/2021",
               "time":1900,
               "utcdate":"16/03/2021",
               "utctime":1800,
               "wx_desc":"Light snow showers",
               "wx_code":85,
               "wx_icon":"IsoSnowSwrsNight.gif",
               "temp_c":3.2,
               "temp_f":37.7,
               "feelslike_c":-0.3,
               "feelslike_f":31.5,
               "winddir_deg":342.0,
               "winddir_compass":"NNW",
               "windspd_mph":9.0,
               "windspd_kmh":14.0,
               "windspd_kts":8.0,
               "windspd_ms":3.9,
               "windgst_mph":11.0,
               "windgst_kmh":17.0,
               "windgst_kts":9.0,
               "windgst_ms":4.8,
               "cloud_low_pct":20.0,
               "cloud_mid_pct":45.0,
               "cloud_high_pct":0.0,
               "cloudtotal_pct":36.0,
               "precip_mm":0.4,
               "precip_in":0.0,
               "rain_mm":0.0,
               "rain_in":0.0,
               "snow_mm":0.0,
               "snow_in":0.0,
               "snow_accum_cm":0.0,
               "snow_accum_in":0.0,
               "prob_precip_pct":"36",
               "humid_pct":80.0,
               "dewpoint_c":0.2,
               "dewpoint_f":32.3,
               "vis_km":10.0,
               "vis_mi":6.2,
               "slp_mb":1012.0,
               "slp_in":29.98
            },
            {
               "date":"16/03/2021",
               "time":2200,
               "utcdate":"16/03/2021",
               "utctime":2100,
               "wx_desc":"Cloudy skies",
               "wx_code":2,
               "wx_icon":"Cloudy.gif",
               "temp_c":1.4,
               "temp_f":34.5,
               "feelslike_c":0.1,
               "feelslike_f":32.2,
               "winddir_deg":329.0,
               "winddir_compass":"NNW",
               "windspd_mph":3.0,
               "windspd_kmh":5.0,
               "windspd_kts":3.0,
               "windspd_ms":1.3,
               "windgst_mph":4.0,
               "windgst_kmh":7.0,
               "windgst_kts":4.0,
               "windgst_ms":1.9,
               "cloud_low_pct":58.0,
               "cloud_mid_pct":44.0,
               "cloud_high_pct":0.0,
               "cloudtotal_pct":74.0,
               "precip_mm":0.0,
               "precip_in":0.0,
               "rain_mm":0.0,
               "rain_in":0.0,
               "snow_mm":0.0,
               "snow_in":0.0,
               "snow_accum_cm":0.0,
               "snow_accum_in":0.0,
               "prob_precip_pct":"39",
               "humid_pct":91.0,
               "dewpoint_c":0.1,
               "dewpoint_f":32.2,
               "vis_km":10.0,
               "vis_mi":6.2,
               "slp_mb":1014.0,
               "slp_in":30.02
            }
         ]
      },
      {
         "date":"17/03/2021",
         "sunrise_time":"05:57",
         "sunset_time":"17:56",
         "moonrise_time":"07:43",
         "moonset_time":"22:17",
         "temp_max_c":3.1,
         "temp_max_f":37.6,
         "temp_min_c":0.2,
         "temp_min_f":32.3,
         "precip_total_mm":4.4,
         "precip_total_in":0.2,
         "rain_total_mm":0.0,
         "rain_total_in":0.0,
         "snow_total_mm":2.0,
         "snow_total_in":0.1,
         "prob_precip_pct":62.0,
         "humid_max_pct":97.0,
         "humid_min_pct":86.0,
         "windspd_max_mph":15.0,
         "windspd_max_kmh":24.0,
         "windspd_max_kts":13.0,
         "windspd_max_ms":6.7,
         "windgst_max_mph":17.0,
         "windgst_max_kmh":28.0,
         "windgst_max_kts":15.0,
         "windgst_max_ms":7.7,
         "slp_max_in":30.26,
         "slp_max_mb":1022.0,
         "slp_min_in":30.05,
         "slp_min_mb":1014.6,
         "Timeframes":[
            {
               "date":"17/03/2021",
               "time":100,
               "utcdate":"17/03/2021",
               "utctime":0,
               "wx_desc":"Overcast skies",
               "wx_code":3,
               "wx_icon":"Overcast.gif",
               "temp_c":0.7,
               "temp_f":33.3,
               "feelslike_c":-0.9,
               "feelslike_f":30.3,
               "winddir_deg":359.0,
               "winddir_compass":"N",
               "windspd_mph":3.0,
               "windspd_kmh":5.0,
               "windspd_kts":3.0,
               "windspd_ms":1.5,
               "windgst_mph":5.0,
               "windgst_kmh":8.0,
               "windgst_kts":4.0,
               "windgst_ms":2.3,
               "cloud_low_pct":94.0,
               "cloud_mid_pct":46.0,
               "cloud_high_pct":0.0,
               "cloudtotal_pct":100.0,
               "precip_mm":0.1,
               "precip_in":0.0,
               "rain_mm":0.0,
               "rain_in":0.0,
               "snow_mm":0.0,
               "snow_in":0.0,
               "snow_accum_cm":0.0,
               "snow_accum_in":0.0,
               "prob_precip_pct":"62",
               "humid_pct":93.0,
               "dewpoint_c":-0.2,
               "dewpoint_f":31.6,
               "vis_km":10.0,
               "vis_mi":6.2,
               "slp_mb":1015.0,
               "slp_in":30.05
            },
            {
               "date":"17/03/2021",
               "time":400,
               "utcdate":"17/03/2021",
               "utctime":300,
               "wx_desc":"Light snow",
               "wx_code":71,
               "wx_icon":"OccLightSnow.gif",
               "temp_c":0.6,
               "temp_f":33.0,
               "feelslike_c":-1.8,
               "feelslike_f":28.8,
               "winddir_deg":354.0,
               "winddir_compass":"N",
               "windspd_mph":4.0,
               "windspd_kmh":7.0,
               "windspd_kts":4.0,
               "windspd_ms":2.0,
               "windgst_mph":7.0,
               "windgst_kmh":11.0,
               "windgst_kts":6.0,
               "windgst_ms":3.1,
               "cloud_low_pct":59.0,
               "cloud_mid_pct":44.0,
               "cloud_high_pct":0.0,
               "cloudtotal_pct":74.0,
               "precip_mm":0.2,
               "precip_in":0.0,
               "rain_mm":0.0,
               "rain_in":0.0,
               "snow_mm":0.0,
               "snow_in":0.0,
               "snow_accum_cm":0.0,
               "snow_accum_in":0.0,
               "prob_precip_pct":"61",
               "humid_pct":89.0,
               "dewpoint_c":-1.0,
               "dewpoint_f":30.2,
               "vis_km":10.0,
               "vis_mi":6.2,
               "slp_mb":1015.0,
               "slp_in":30.07
            },
            {
               "date":"17/03/2021",
               "time":700,
               "utcdate":"17/03/2021",
               "utctime":600,
               "wx_desc":"Light snow",
               "wx_code":71,
               "wx_icon":"OccLightSnow.gif",
               "temp_c":0.2,
               "temp_f":32.3,
               "feelslike_c":-3.7,
               "feelslike_f":25.3,
               "winddir_deg":3.0,
               "winddir_compass":"N",
               "windspd_mph":8.0,
               "windspd_kmh":13.0,
               "windspd_kts":7.0,
               "windspd_ms":3.5,
               "windgst_mph":12.0,
               "windgst_kmh":19.0,
               "windgst_kts":10.0,
               "windgst_ms":5.3,
               "cloud_low_pct":95.0,
               "cloud_mid_pct":47.0,
               "cloud_high_pct":0.0,
               "cloudtotal_pct":100.0,
               "precip_mm":0.6,
               "precip_in":0.0,
               "rain_mm":0.0,
               "rain_in":0.0,
               "snow_mm":0.0,
               "snow_in":0.0,
               "snow_accum_cm":0.0,
               "snow_accum_in":0.0,
               "prob_precip_pct":"60",
               "humid_pct":97.0,
               "dewpoint_c":-0.3,
               "dewpoint_f":31.5,
               "vis_km":10.0,
               "vis_mi":6.2,
               "slp_mb":1017.0,
               "slp_in":30.1
            },
            {
               "date":"17/03/2021",
               "time":1000,
               "utcdate":"17/03/2021",
               "utctime":900,
               "wx_desc":"Moderate snow",
               "wx_code":73,
               "wx_icon":"ModSnow.gif",
               "temp_c":1.7,
               "temp_f":35.0,
               "feelslike_c":-2.6,
               "feelslike_f":27.4,
               "winddir_deg":0.0,
               "winddir_compass":"N",
               "windspd_mph":10.0,
               "windspd_kmh":16.0,
               "windspd_kts":9.0,
               "windspd_ms":4.5,
               "windgst_mph":13.0,
               "windgst_kmh":20.0,
               "windgst_kts":11.0,
               "windgst_ms":5.6,
               "cloud_low_pct":90.0,
               "cloud_mid_pct":66.0,
               "cloud_high_pct":1.0,
               "cloudtotal_pct":100.0,
               "precip_mm":1.4,
               "precip_in":0.1,
               "rain_mm":0.0,
               "rain_in":0.0,
               "snow_mm":1.0,
               "snow_in":0.0,
               "snow_accum_cm":1.2,
               "snow_accum_in":0.5,
               "prob_precip_pct":"59",
               "humid_pct":96.0,
               "dewpoint_c":1.0,
               "dewpoint_f":33.9,
               "vis_km":5.0,
               "vis_mi":3.1,
               "slp_mb":1018.0,
               "slp_in":30.15
            },
            {
               "date":"17/03/2021",
               "time":1300,
               "utcdate":"17/03/2021",
               "utctime":1200,
               "wx_desc":"Moderate snow",
               "wx_code":73,
               "wx_icon":"ModSnow.gif",
               "temp_c":2.9,
               "temp_f":37.2,
               "feelslike_c":-0.9,
               "feelslike_f":30.5,
               "winddir_deg":1.0,
               "winddir_compass":"N",
               "windspd_mph":9.0,
               "windspd_kmh":15.0,
               "windspd_kts":8.0,
               "windspd_ms":4.2,
               "windgst_mph":11.0,
               "windgst_kmh":17.0,
               "windgst_kts":9.0,
               "windgst_ms":4.8,
               "cloud_low_pct":89.0,
               "cloud_mid_pct":62.0,
               "cloud_high_pct":32.0,
               "cloudtotal_pct":100.0,
               "precip_mm":1.2,
               "precip_in":0.0,
               "rain_mm":0.0,
               "rain_in":0.0,
               "snow_mm":1.0,
               "snow_in":0.0,
               "snow_accum_cm":1.0,
               "snow_accum_in":0.4,
               "prob_precip_pct":"58",
               "humid_pct":96.0,
               "dewpoint_c":2.3,
               "dewpoint_f":36.2,
               "vis_km":5.0,
               "vis_mi":3.1,
               "slp_mb":1019.0,
               "slp_in":30.17
            },
            {
               "date":"17/03/2021",
               "time":1600,
               "utcdate":"17/03/2021",
               "utctime":1500,
               "wx_desc":"Light snow",
               "wx_code":71,
               "wx_icon":"OccLightSnow.gif",
               "temp_c":3.1,
               "temp_f":37.6,
               "feelslike_c":-1.8,
               "feelslike_f":28.7,
               "winddir_deg":353.0,
               "winddir_compass":"N",
               "windspd_mph":15.0,
               "windspd_kmh":24.0,
               "windspd_kts":13.0,
               "windspd_ms":6.7,
               "windgst_mph":17.0,
               "windgst_kmh":28.0,
               "windgst_kts":15.0,
               "windgst_ms":7.7,
               "cloud_low_pct":94.0,
               "cloud_mid_pct":100.0,
               "cloud_high_pct":100.0,
               "cloudtotal_pct":100.0,
               "precip_mm":0.5,
               "precip_in":0.0,
               "rain_mm":0.0,
               "rain_in":0.0,
               "snow_mm":0.0,
               "snow_in":0.0,
               "snow_accum_cm":0.0,
               "snow_accum_in":0.0,
               "prob_precip_pct":"57",
               "humid_pct":89.0,
               "dewpoint_c":1.4,
               "dewpoint_f":34.5,
               "vis_km":10.0,
               "vis_mi":6.2,
               "slp_mb":1019.0,
               "slp_in":30.19
            },
            {
               "date":"17/03/2021",
               "time":1900,
               "utcdate":"17/03/2021",
               "utctime":1800,
               "wx_desc":"Light snow",
               "wx_code":71,
               "wx_icon":"OccLightSnow.gif",
               "temp_c":2.4,
               "temp_f":36.3,
               "feelslike_c":-2.4,
               "feelslike_f":27.6,
               "winddir_deg":355.0,
               "winddir_compass":"N",
               "windspd_mph":13.0,
               "windspd_kmh":22.0,
               "windspd_kts":12.0,
               "windspd_ms":6.0,
               "windgst_mph":15.0,
               "windgst_kmh":25.0,
               "windgst_kts":13.0,
               "windgst_ms":6.9,
               "cloud_low_pct":100.0,
               "cloud_mid_pct":75.0,
               "cloud_high_pct":33.0,
               "cloudtotal_pct":100.0,
               "precip_mm":0.2,
               "precip_in":0.0,
               "rain_mm":0.0,
               "rain_in":0.0,
               "snow_mm":0.0,
               "snow_in":0.0,
               "snow_accum_cm":0.0,
               "snow_accum_in":0.0,
               "prob_precip_pct":"56",
               "humid_pct":95.0,
               "dewpoint_c":1.7,
               "dewpoint_f":35.0,
               "vis_km":10.0,
               "vis_mi":6.2,
               "slp_mb":1021.0,
               "slp_in":30.23
            },
            {
               "date":"17/03/2021",
               "time":2200,
               "utcdate":"17/03/2021",
               "utctime":2100,
               "wx_desc":"Light snow",
               "wx_code":71,
               "wx_icon":"OccLightSnow.gif",
               "temp_c":1.6,
               "temp_f":34.8,
               "feelslike_c":-2.3,
               "feelslike_f":27.9,
               "winddir_deg":353.0,
               "winddir_compass":"N",
               "windspd_mph":9.0,
               "windspd_kmh":14.0,
               "windspd_kts":8.0,
               "windspd_ms":3.9,
               "windgst_mph":10.0,
               "windgst_kmh":16.0,
               "windgst_kts":9.0,
               "windgst_ms":4.5,
               "cloud_low_pct":80.0,
               "cloud_mid_pct":24.0,
               "cloud_high_pct":5.0,
               "cloudtotal_pct":89.0,
               "precip_mm":0.2,
               "precip_in":0.0,
               "rain_mm":0.0,
               "rain_in":0.0,
               "snow_mm":0.0,
               "snow_in":0.0,
               "snow_accum_cm":0.0,
               "snow_accum_in":0.0,
               "prob_precip_pct":"18",
               "humid_pct":86.0,
               "dewpoint_c":-0.5,
               "dewpoint_f":31.0,
               "vis_km":10.0,
               "vis_mi":6.2,
               "slp_mb":1022.0,
               "slp_in":30.26
            }
         ]
      },
      {
         "date":"18/03/2021",
         "sunrise_time":"05:54",
         "sunset_time":"17:57",
         "moonrise_time":"08:02",
         "moonset_time":"23:24",
         "temp_max_c":3.2,
         "temp_max_f":37.7,
         "temp_min_c":-1.4,
         "temp_min_f":29.4,
         "precip_total_mm":0.8,
         "precip_total_in":0.0,
         "rain_total_mm":0.0,
         "rain_total_in":0.0,
         "snow_total_mm":0.0,
         "snow_total_in":0.0,
         "prob_precip_pct":50.0,
         "humid_max_pct":96.0,
         "humid_min_pct":69.0,
         "windspd_max_mph":6.0,
         "windspd_max_kmh":10.0,
         "windspd_max_kts":5.0,
         "windspd_max_ms":2.7,
         "windgst_max_mph":8.0,
         "windgst_max_kmh":13.0,
         "windgst_max_kts":7.0,
         "windgst_max_ms":3.7,
         "slp_max_in":30.26,
         "slp_max_mb":1021.9,
         "slp_min_in":30.11,
         "slp_min_mb":1016.7,
         "Timeframes":[
            {
               "date":"18/03/2021",
               "time":100,
               "utcdate":"18/03/2021",
               "utctime":0,
               "wx_desc":"Overcast skies",
               "wx_code":3,
               "wx_icon":"Overcast.gif",
               "temp_c":-0.7,
               "temp_f":30.8,
               "feelslike_c":-3.8,
               "feelslike_f":25.1,
               "winddir_deg":335.0,
               "winddir_compass":"NNW",
               "windspd_mph":6.0,
               "windspd_kmh":9.0,
               "windspd_kts":5.0,
               "windspd_ms":2.5,
               "windgst_mph":8.0,
               "windgst_kmh":13.0,
               "windgst_kts":7.0,
               "windgst_ms":3.7,
               "cloud_low_pct":86.0,
               "cloud_mid_pct":10.0,
               "cloud_high_pct":27.0,
               "cloudtotal_pct":92.0,
               "precip_mm":0.0,
               "precip_in":0.0,
               "rain_mm":0.0,
               "rain_in":0.0,
               "snow_mm":0.0,
               "snow_in":0.0,
               "snow_accum_cm":0.0,
               "snow_accum_in":0.0,
               "prob_precip_pct":"13",
               "humid_pct":90.0,
               "dewpoint_c":-2.1,
               "dewpoint_f":28.2,
               "vis_km":10.0,
               "vis_mi":6.2,
               "slp_mb":1022.0,
               "slp_in":30.26
            },
            {
               "date":"18/03/2021",
               "time":400,
               "utcdate":"18/03/2021",
               "utctime":300,
               "wx_desc":"Partly cloudy skies",
               "wx_code":1,
               "wx_icon":"PartlyCloudyNight.gif",
               "temp_c":-1.4,
               "temp_f":29.4,
               "feelslike_c":-4.4,
               "feelslike_f":24.1,
               "winddir_deg":330.0,
               "winddir_compass":"NNW",
               "windspd_mph":5.0,
               "windspd_kmh":8.0,
               "windspd_kts":4.0,
               "windspd_ms":2.2,
               "windgst_mph":7.0,
               "windgst_kmh":12.0,
               "windgst_kts":6.0,
               "windgst_ms":3.3,
               "cloud_low_pct":53.0,
               "cloud_mid_pct":5.0,
               "cloud_high_pct":32.0,
               "cloudtotal_pct":59.0,
               "precip_mm":0.1,
               "precip_in":0.0,
               "rain_mm":0.0,
               "rain_in":0.0,
               "snow_mm":0.0,
               "snow_in":0.0,
               "snow_accum_cm":0.0,
               "snow_accum_in":0.0,
               "prob_precip_pct":"17",
               "humid_pct":88.0,
               "dewpoint_c":-3.1,
               "dewpoint_f":26.4,
               "vis_km":10.0,
               "vis_mi":6.2,
               "slp_mb":1021.0,
               "slp_in":30.23
            },
            {
               "date":"18/03/2021",
               "time":700,
               "utcdate":"18/03/2021",
               "utctime":600,
               "wx_desc":"Cloudy skies",
               "wx_code":2,
               "wx_icon":"Cloudy.gif",
               "temp_c":-1.1,
               "temp_f":30.0,
               "feelslike_c":-1.2,
               "feelslike_f":29.8,
               "winddir_deg":234.0,
               "winddir_compass":"SW",
               "windspd_mph":2.0,
               "windspd_kmh":3.0,
               "windspd_kts":1.0,
               "windspd_ms":0.7,
               "windgst_mph":2.0,
               "windgst_kmh":4.0,
               "windgst_kts":2.0,
               "windgst_ms":1.0,
               "cloud_low_pct":52.0,
               "cloud_mid_pct":32.0,
               "cloud_high_pct":95.0,
               "cloudtotal_pct":75.0,
               "precip_mm":0.0,
               "precip_in":0.0,
               "rain_mm":0.0,
               "rain_in":0.0,
               "snow_mm":0.0,
               "snow_in":0.0,
               "snow_accum_cm":0.0,
               "snow_accum_in":0.0,
               "prob_precip_pct":"34",
               "humid_pct":81.0,
               "dewpoint_c":-3.9,
               "dewpoint_f":24.9,
               "vis_km":10.0,
               "vis_mi":6.2,
               "slp_mb":1020.0,
               "slp_in":30.2
            },
            {
               "date":"18/03/2021",
               "time":1000,
               "utcdate":"18/03/2021",
               "utctime":900,
               "wx_desc":"Overcast skies",
               "wx_code":3,
               "wx_icon":"Overcast.gif",
               "temp_c":1.8,
               "temp_f":35.3,
               "feelslike_c":1.2,
               "feelslike_f":34.2,
               "winddir_deg":220.0,
               "winddir_compass":"SW",
               "windspd_mph":2.0,
               "windspd_kmh":4.0,
               "windspd_kts":2.0,
               "windspd_ms":1.0,
               "windgst_mph":3.0,
               "windgst_kmh":4.0,
               "windgst_kts":2.0,
               "windgst_ms":1.2,
               "cloud_low_pct":91.0,
               "cloud_mid_pct":99.0,
               "cloud_high_pct":100.0,
               "cloudtotal_pct":100.0,
               "precip_mm":0.0,
               "precip_in":0.0,
               "rain_mm":0.0,
               "rain_in":0.0,
               "snow_mm":0.0,
               "snow_in":0.0,
               "snow_accum_cm":0.0,
               "snow_accum_in":0.0,
               "prob_precip_pct":"40",
               "humid_pct":71.0,
               "dewpoint_c":-2.8,
               "dewpoint_f":27.0,
               "vis_km":10.0,
               "vis_mi":6.2,
               "slp_mb":1019.0,
               "slp_in":30.17
            },
            {
               "date":"18/03/2021",
               "time":1300,
               "utcdate":"18/03/2021",
               "utctime":1200,
               "wx_desc":"Light snow showers",
               "wx_code":85,
               "wx_icon":"IsoSnowSwrsDay.gif",
               "temp_c":3.0,
               "temp_f":37.5,
               "feelslike_c":1.4,
               "feelslike_f":34.6,
               "winddir_deg":260.0,
               "winddir_compass":"W",
               "windspd_mph":4.0,
               "windspd_kmh":6.0,
               "windspd_kts":3.0,
               "windspd_ms":1.7,
               "windgst_mph":4.0,
               "windgst_kmh":7.0,
               "windgst_kts":4.0,
               "windgst_ms":2.0,
               "cloud_low_pct":51.0,
               "cloud_mid_pct":94.0,
               "cloud_high_pct":100.0,
               "cloudtotal_pct":96.0,
               "precip_mm":0.2,
               "precip_in":0.0,
               "rain_mm":0.0,
               "rain_in":0.0,
               "snow_mm":0.0,
               "snow_in":0.0,
               "snow_accum_cm":0.0,
               "snow_accum_in":0.0,
               "prob_precip_pct":"50",
               "humid_pct":69.0,
               "dewpoint_c":-2.0,
               "dewpoint_f":28.5,
               "vis_km":10.0,
               "vis_mi":6.2,
               "slp_mb":1018.0,
               "slp_in":30.15
            },
            {
               "date":"18/03/2021",
               "time":1600,
               "utcdate":"18/03/2021",
               "utctime":1500,
               "wx_desc":"Light snow showers",
               "wx_code":85,
               "wx_icon":"IsoSnowSwrsDay.gif",
               "temp_c":3.2,
               "temp_f":37.7,
               "feelslike_c":1.9,
               "feelslike_f":35.4,
               "winddir_deg":259.0,
               "winddir_compass":"W",
               "windspd_mph":3.0,
               "windspd_kmh":5.0,
               "windspd_kts":3.0,
               "windspd_ms":1.5,
               "windgst_mph":4.0,
               "windgst_kmh":6.0,
               "windgst_kts":3.0,
               "windgst_ms":1.8,
               "cloud_low_pct":14.0,
               "cloud_mid_pct":94.0,
               "cloud_high_pct":100.0,
               "cloudtotal_pct":100.0,
               "precip_mm":0.3,
               "precip_in":0.0,
               "rain_mm":0.0,
               "rain_in":0.0,
               "snow_mm":0.0,
               "snow_in":0.0,
               "snow_accum_cm":0.0,
               "snow_accum_in":0.0,
               "prob_precip_pct":"3",
               "humid_pct":69.0,
               "dewpoint_c":-2.0,
               "dewpoint_f":28.4,
               "vis_km":10.0,
               "vis_mi":6.2,
               "slp_mb":1017.0,
               "slp_in":30.11
            },
            {
               "date":"18/03/2021",
               "time":1900,
               "utcdate":"18/03/2021",
               "utctime":1800,
               "wx_desc":"Overcast skies",
               "wx_code":3,
               "wx_icon":"Overcast.gif",
               "temp_c":1.4,
               "temp_f":34.5,
               "feelslike_c":1.2,
               "feelslike_f":34.1,
               "winddir_deg":334.0,
               "winddir_compass":"NNW",
               "windspd_mph":2.0,
               "windspd_kmh":3.0,
               "windspd_kts":2.0,
               "windspd_ms":0.8,
               "windgst_mph":3.0,
               "windgst_kmh":4.0,
               "windgst_kts":2.0,
               "windgst_ms":1.2,
               "cloud_low_pct":3.0,
               "cloud_mid_pct":89.0,
               "cloud_high_pct":39.0,
               "cloudtotal_pct":98.0,
               "precip_mm":0.0,
               "precip_in":0.0,
               "rain_mm":0.0,
               "rain_in":0.0,
               "snow_mm":0.0,
               "snow_in":0.0,
               "snow_accum_cm":0.0,
               "snow_accum_in":0.0,
               "prob_precip_pct":"2",
               "humid_pct":82.0,
               "dewpoint_c":-1.4,
               "dewpoint_f":29.4,
               "vis_km":10.0,
               "vis_mi":6.2,
               "slp_mb":1018.0,
               "slp_in":30.13
            },
            {
               "date":"18/03/2021",
               "time":2200,
               "utcdate":"18/03/2021",
               "utctime":2100,
               "wx_desc":"Mist",
               "wx_code":10,
               "wx_icon":"Mist.gif",
               "temp_c":0.5,
               "temp_f":32.8,
               "feelslike_c":-2.7,
               "feelslike_f":27.2,
               "winddir_deg":360.0,
               "winddir_compass":"N",
               "windspd_mph":6.0,
               "windspd_kmh":10.0,
               "windspd_kts":5.0,
               "windspd_ms":2.7,
               "windgst_mph":8.0,
               "windgst_kmh":13.0,
               "windgst_kts":7.0,
               "windgst_ms":3.5,
               "cloud_low_pct":86.0,
               "cloud_mid_pct":89.0,
               "cloud_high_pct":26.0,
               "cloudtotal_pct":100.0,
               "precip_mm":0.1,
               "precip_in":0.0,
               "rain_mm":0.0,
               "rain_in":0.0,
               "snow_mm":0.0,
               "snow_in":0.0,
               "snow_accum_cm":0.0,
               "snow_accum_in":0.0,
               "prob_precip_pct":"46",
               "humid_pct":96.0,
               "dewpoint_c":-0.1,
               "dewpoint_f":31.8,
               "vis_km":2.0,
               "vis_mi":1.2,
               "slp_mb":1019.0,
               "slp_in":30.17
            }
         ]
      },
      {
         "date":"19/03/2021",
         "sunrise_time":"05:52",
         "sunset_time":"17:59",
         "moonrise_time":"08:25",
         "moonset_time":"00:00",
         "temp_max_c":0.0,
         "temp_max_f":32.0,
         "temp_min_c":0.0,
         "temp_min_f":32.0,
         "precip_total_mm":1.1,
         "precip_total_in":0.0,
         "rain_total_mm":0.0,
         "rain_total_in":0.0,
         "snow_total_mm":1.0,
         "snow_total_in":0.0,
         "prob_precip_pct":45.0,
         "humid_max_pct":97.0,
         "humid_min_pct":97.0,
         "windspd_max_mph":5.0,
         "windspd_max_kmh":9.0,
         "windspd_max_kts":5.0,
         "windspd_max_ms":2.4,
         "windgst_max_mph":7.0,
         "windgst_max_kmh":11.0,
         "windgst_max_kts":6.0,
         "windgst_max_ms":3.1,
         "slp_max_in":30.17,
         "slp_max_mb":1018.8,
         "slp_min_in":30.17,
         "slp_min_mb":1018.8,
         "Timeframes":[
            {
               "date":"19/03/2021",
               "time":100,
               "utcdate":"19/03/2021",
               "utctime":0,
               "wx_desc":"Moderate snow",
               "wx_code":73,
               "wx_icon":"ModSnow.gif",
               "temp_c":0.0,
               "temp_f":32.0,
               "feelslike_c":-2.9,
               "feelslike_f":26.7,
               "winddir_deg":342.0,
               "winddir_compass":"NNW",
               "windspd_mph":5.0,
               "windspd_kmh":9.0,
               "windspd_kts":5.0,
               "windspd_ms":2.4,
               "windgst_mph":7.0,
               "windgst_kmh":11.0,
               "windgst_kts":6.0,
               "windgst_ms":3.1,
               "cloud_low_pct":83.0,
               "cloud_mid_pct":86.0,
               "cloud_high_pct":12.0,
               "cloudtotal_pct":100.0,
               "precip_mm":1.1,
               "precip_in":0.0,
               "rain_mm":0.0,
               "rain_in":0.0,
               "snow_mm":1.0,
               "snow_in":0.0,
               "snow_accum_cm":1.0,
               "snow_accum_in":0.4,
               "prob_precip_pct":"45",
               "humid_pct":97.0,
               "dewpoint_c":-0.5,
               "dewpoint_f":31.1,
               "vis_km":5.0,
               "vis_mi":3.1,
               "slp_mb":1019.0,
               "slp_in":30.17
            }
         ]
      }
   ]
}